"","model_3"
"1",0.954537688827308
"2",0.952486281238147
"3",0.94734634344493
"4",0.944469979103484
"5",0.94097262114942
"6",0.941177610880327
"7",0.942918005688433
"8",0.943875211224434
"9",0.941929073947305
"10",0.93302047228034
"11",0.936067256767559
"12",0.943759930488738
"13",0.945580226010622
"14",0.956634734901427
"15",0.963069621991441
"16",0.962203853586339
"17",0.960696461719749
"18",0.961909972986915
"19",0.962812701349461
"20",0.962873122153934
"21",0.960135887508602
"22",0.957424058253688
"23",0.957116098740857
"24",0.962322942204258
"25",0.958755773638568
"26",0.959315233437721
"27",0.954612142492615
"28",0.950804707931186
"29",0.954446328840863
"30",0.949734148643641
"31",0.956659132915052
"32",0.956464463271355
"33",0.953010836201402
"34",0.951742429735178
"35",0.96246485510647
"36",0.956050919202566
"37",0.948435705089677
"38",0.951913443314491
"39",0.945467188548261
"40",0.948071802782672
"41",0.956819884511843
"42",0.95796809498972
"43",0.958375776010949
"44",0.951096389956184
"45",0.956371831839875
"46",0.9527437622358
"47",0.950876790431081
"48",0.948537123397356
"49",0.945719421843448
"50",0.949943369570076
"51",0.940189432525899
"52",0.925240254872249
"53",0.915729089941768
"54",0.942239488939719
"55",0.947056877852955
"56",0.95172204386936
"57",0.951193289059755
"58",0.956783902925593
"59",0.963864871477581
"60",0.960801777910231
"61",0.963180322697476
"62",0.965941497603621
"63",0.963713309164148
"64",0.961628843371095
"65",0.968812372281773
"66",0.96250356571925
"67",0.961296845492532
"68",0.966213731878574
"69",0.96453587815404
"70",0.955479274904278
"71",0.955872491699804
"72",0.938382166588019
"73",0.936427286195614
"74",0.931703855685459
"75",0.932227150608752
"76",0.943775588593346
"77",0.942396766371778
"78",0.943858587148838
"79",0.935379899125178
"80",0.938255741823576
"81",0.929333891351595
"82",0.926793295773399
"83",0.930702694045352
"84",0.934265235789401
"85",0.938225159072762
"86",0.94079527852961
"87",0.937389185360941
"88",0.934076591233347
"89",0.936182271715866
"90",0.927482173984477
"91",0.936416546643626
"92",0.931012693186409
"93",0.934426087121088
"94",0.933725577229984
"95",0.936804780021562
"96",0.939506887283979
"97",0.941823690571536
"98",0.947980026043483
"99",0.947876998662082
"100",0.94915465874066
"101",0.955751771312441
"102",0.954522730471636
"103",0.951410983439128
"104",0.955366221947935
"105",0.949870712533012
"106",0.952055121746596
"107",0.953751252879713
"108",0.952981095245
"109",0.953571306805765
"110",0.952127802056284
"111",0.946969715034522
"112",0.944625066811154
"113",0.949995290318002
"114",0.95348671288005
"115",0.954299083325853
"116",0.942871007479306
"117",0.933255359338375
"118",0.945023753601756
"119",0.945651421474837
"120",0.949219541018641
"121",0.943840687325985
"122",0.954350228642849
"123",0.95338416093269
"124",0.954544002630805
"125",0.956059862256413
"126",0.956490586217564
"127",0.947861552015689
"128",0.952212926033282
"129",0.949485309441455
"130",0.952755552367921
"131",0.956038647865788
"132",0.945626460492039
"133",0.951246577035477
"134",0.956539598769684
"135",0.964025325957784
"136",0.963509383813647
"137",0.967196027149396
"138",0.964540307036381
"139",0.963677199729939
"140",0.962240355780748
"141",0.953115051387425
"142",0.948943414748512
"143",0.940177766198826
"144",0.94842501688887
"145",0.941170875450916
"146",0.931753523508698
"147",0.932656200534799
"148",0.936582012469279
"149",0.937294041312982
"150",0.943700655360142
"151",0.934742753697985
"152",0.934056131157609
"153",0.940742782091813
"154",0.935288586100702
"155",0.9361758606899
"156",0.939389216352526
"157",0.944657053467645
"158",0.939549968477014
"159",0.950797810235529
"160",0.956894176823469
"161",0.951267670480975
"162",0.952483797431345
"163",0.937843177619405
"164",0.940702415242547
"165",0.939800274994414
"166",0.943415992178777
"167",0.930911304375588
"168",0.943054045202914
"169",0.92664129443968
"170",0.918772307134466
"171",0.930906538234668
"172",0.919417786092705
"173",0.921658600336312
"174",0.928017399164552
"175",0.943678690954858
"176",0.930765588110026
"177",0.929601258262356
"178",0.938506032713123
"179",0.939937667647309
"180",0.937460557183649
"181",0.939431348981025
"182",0.933856924738472
"183",0.939323931842567
"184",0.954103243667825
"185",0.951413306850512
"186",0.957828547962047
"187",0.961299582023299
"188",0.962423854387619
"189",0.964343016987317
"190",0.964485852564176
"191",0.962604814261707
"192",0.963597501540509
"193",0.965590153290335
"194",0.963621042963329
"195",0.961785886603601
"196",0.963351227534703
"197",0.964568196992106
"198",0.959721265057175
"199",0.963218265869051
"200",0.964299208444983
"201",0.964346048583491
"202",0.966568156794539
"203",0.963682268177556
"204",0.967841687766744
"205",0.967739832981272
"206",0.969065247003728
"207",0.966648363118459
"208",0.963719437191154
"209",0.968328929577635
"210",0.967266708662303
"211",0.963836406329152
"212",0.966555579340243
"213",0.966716898509026
"214",0.972032210490747
"215",0.968066728327144
"216",0.967173547132487
"217",0.963917373487018
"218",0.967603624210605
"219",0.965348257464248
"220",0.965680429651369
"221",0.96775537108601
"222",0.971184219617323
"223",0.971465644013365
"224",0.969055358752917
"225",0.963015975264119
"226",0.961418844731057
"227",0.956171107715005
"228",0.957279838918079
"229",0.953483934600871
"230",0.954639026876567
"231",0.959317141411603
"232",0.964938742123342
"233",0.96398613454877
"234",0.965865975124462
"235",0.96730337116084
"236",0.969187868999993
"237",0.972907844838734
"238",0.975676575437815
"239",0.975758972633843
"240",0.976163006698563
"241",0.972610319451969
"242",0.974921510792291
"243",0.976743669143656
"244",0.974915787146103
"245",0.971650978588334
"246",0.968931900601147
"247",0.963329883759713
"248",0.956080975030484
"249",0.954707851356624
"250",0.951140636539504
"251",0.942585812687847
"252",0.947105214613232
"253",0.95228211910725
"254",0.954354148251842
"255",0.95847300394473
"256",0.946965053837656
"257",0.944608061545612
"258",0.933898436867659
"259",0.937713678931821
"260",0.930199170366829
"261",0.927748577104333
"262",0.921986040534186
"263",0.920110228090436
"264",0.933281698839017
"265",0.895060225535764
"266",0.902196491799183
"267",0.907008446548926
"268",0.919524930199582
"269",0.931448912461075
"270",0.939922103708442
"271",0.940498715796804
"272",0.933873259001055
"273",0.941138809666884
"274",0.947089124838224
"275",0.951448774690795
"276",0.955176186457241
"277",0.953014016382801
"278",0.946884365288049
"279",0.939026553089968
"280",0.944390962943182
"281",0.935579871410223
"282",0.937725845527842
"283",0.935710850198829
"284",0.943884177232755
"285",0.947588057932764
"286",0.94571229356625
"287",0.947083937193604
"288",0.944637284203639
"289",0.94395328978209
"290",0.947727361504307
"291",0.945755370707536
"292",0.945949487680775
"293",0.947199983032405
"294",0.954602461957746
"295",0.950150005339564
"296",0.949772865561707
"297",0.954968583708469
"298",0.949993462058701
"299",0.95171728531765
"300",0.955671980222689
"301",0.954478561659858
"302",0.957652312605445
"303",0.960029383896023
"304",0.96575206365033
"305",0.965396139857638
"306",0.962188433412591
"307",0.961829503972873
"308",0.958536580059459
"309",0.951189534344793
"310",0.955558200611008
"311",0.951808540240915
"312",0.945396246757614
"313",0.93036080408973
"314",0.932472375262571
"315",0.948543827753664
"316",0.943935764215526
"317",0.943359215170041
"318",0.94482974759922
"319",0.943948434006887
"320",0.947362902211998
"321",0.949408069860318
"322",0.951896011499314
"323",0.957480614325575
"324",0.960929184500852
"325",0.951198372461351
"326",0.958041310487916
"327",0.954042781615167
"328",0.954277469616491
"329",0.955006217440634
"330",0.952990306864161
"331",0.950199801430647
"332",0.940682797124245
"333",0.940276753418
"334",0.919860110173685
"335",0.916168063168846
"336",0.928057925106298
"337",0.931355630582486
"338",0.939644111073425
"339",0.939763725724816
"340",0.932942507241356
"341",0.914261746864693
"342",0.921961567000397
"343",0.928802801964935
"344",0.925276396796749
"345",0.919447181279518
"346",0.933742550211344
"347",0.923867392585608
"348",0.933378729256465
"349",0.938551697756877
"350",0.947627765807893
"351",0.939468043941601
"352",0.944640399431352
"353",0.940902669528443
"354",0.944880698084766
"355",0.94306744571202
"356",0.943869389107591
"357",0.951144372635476
"358",0.947537749649561
"359",0.952643439542417
"360",0.953377618147138
"361",0.950274332860138
"362",0.953139757289515
"363",0.951448670814693
"364",0.949413309191628
"365",0.944916986323087
"366",0.95124856078291
"367",0.951120691703085
"368",0.952345702235877
"369",0.955581424641407
"370",0.957533147226194
"371",0.950286048563571
"372",0.951863390701441
"373",0.954959134039065
"374",0.957976066452354
"375",0.949743464850987
"376",0.948714144414565
"377",0.953227626518956
"378",0.946838490803736
"379",0.948266155330502
"380",0.948498648150259
"381",0.942599593890222
"382",0.952785140940376
"383",0.955004636764831
"384",0.948887104152387
"385",0.952108075086449
"386",0.952491598520832
"387",0.944278320040376
"388",0.946866079662736
"389",0.94416244072841
"390",0.938730251704109
"391",0.949453887663812
"392",0.946670430042327
"393",0.946080677867792
"394",0.949648403726836
"395",0.946460556529215
"396",0.947038910049606
"397",0.947298506048501
"398",0.937659903227695
"399",0.935933555176954
"400",0.938808672202947
"401",0.941379039730383
"402",0.946960743844995
"403",0.944940662874943
"404",0.951248904820812
"405",0.954125886188565
"406",0.956798889622299
"407",0.954632617213897
"408",0.960679664607317
"409",0.96104215009066
"410",0.960184390204517
"411",0.956994304605928
"412",0.95586460745724
"413",0.954744188243341
"414",0.958517580206852
"415",0.958233926542473
"416",0.951117839255161
"417",0.949587106034695
"418",0.951971180207634
"419",0.951892518518628
"420",0.959113289461781
"421",0.958816511248812
"422",0.957466431245729
"423",0.961997188967294
"424",0.967031021536157
"425",0.965238754397951
"426",0.960012824662141
"427",0.959247695372864
"428",0.959546555515068
"429",0.958962611879848
"430",0.95832024252318
"431",0.96148895757936
"432",0.959576860590826
"433",0.961953051159043
"434",0.962747443408242
"435",0.958292677860801
"436",0.96261790041442
"437",0.964065815094604
"438",0.966272557356209
"439",0.96541175440568
"440",0.964376022583125
"441",0.963628993105511
"442",0.96407692089822
"443",0.960780176319261
"444",0.955327266827314
"445",0.957138850734598
"446",0.953944436761837
"447",0.947147123978496
"448",0.939687088696175
"449",0.94230190453443
"450",0.953793964161949
"451",0.961266301318042
"452",0.962192758217587
"453",0.961741998690104
"454",0.954844138473521
"455",0.954375805949511
"456",0.945243941654849
"457",0.943565746664174
"458",0.941897000401888
"459",0.93662742953833
"460",0.940114402890135
"461",0.944160961427805
"462",0.947735097836632
"463",0.959451804911703
"464",0.958104269837264
"465",0.957141415015043
"466",0.953909493975119
"467",0.95199547473521
"468",0.947387866644201
"469",0.939091206382307
"470",0.94348229113612
"471",0.941807723132233
"472",0.931209692889876
"473",0.928643528135589
"474",0.927935986798094
"475",0.927609016334428
"476",0.930880686174775
"477",0.939913988757377
"478",0.938872397017533
"479",0.947668872416516
"480",0.942697337811211
"481",0.948137135371247
"482",0.94992692288514
"483",0.952167760951196
"484",0.955630316837341
"485",0.949353016219818
"486",0.947433520189229
"487",0.943229113061966
"488",0.936665028510058
"489",0.934000353151223
"490",0.921209648522451
"491",0.926414280496437
"492",0.933950418589468
"493",0.944701231838548
"494",0.950654603520618
"495",0.948226598906149
"496",0.944977434473763
"497",0.944324872206212
"498",0.939016971425639
"499",0.938340504100376
"500",0.950812254133715
"501",0.943665530214008
"502",0.95022444241192
"503",0.9403006947079
"504",0.951647395756147
"505",0.953599589145623
"506",0.951600362557581
"507",0.953951614111526
"508",0.952099539458391
"509",0.957210838197643
"510",0.959061797423849
"511",0.965617847331824
"512",0.968056866557024
"513",0.961242713401469
"514",0.958301132518997
"515",0.961667513542133
"516",0.966366959705575
"517",0.966287771906993
"518",0.961063518348795
"519",0.960984811873735
"520",0.956988423146838
"521",0.955751570156924
"522",0.956459984166001
"523",0.954299616312655
"524",0.947223731542847
"525",0.950642625901281
"526",0.944265186714196
"527",0.941930545253223
"528",0.944656990200894
"529",0.944335721957262
"530",0.949229577056304
"531",0.945484266834852
"532",0.944757532309906
"533",0.953133761385709
"534",0.949136888701004
"535",0.948061298229265
"536",0.958275421104693
"537",0.9609522130463
"538",0.957958900074939
"539",0.955702352807857
"540",0.957584640608161
"541",0.952168383203665
"542",0.954678092071842
"543",0.95317073529414
"544",0.953150036663014
"545",0.958842952422456
"546",0.961079077750672
"547",0.95876223692215
"548",0.960993928373874
"549",0.966398886183411
"550",0.963082041222959
"551",0.957879356861272
"552",0.960315729716181
"553",0.960072732606316
"554",0.964704572567884
"555",0.963528214044824
"556",0.962384662280941
"557",0.963098883320661
"558",0.961243031871139
"559",0.964618838529213
"560",0.963166824163321
"561",0.965468913260165
"562",0.965574689127431
"563",0.97200506963597
"564",0.970172531944121
"565",0.969297070858498
"566",0.962403095539792
"567",0.962399830677871
"568",0.95375029387643
"569",0.950290283799906
"570",0.955347566206558
"571",0.963145454206815
"572",0.961324528383155
"573",0.969254328809962
"574",0.97259824989662
"575",0.971259823895211
"576",0.971292084051706
"577",0.970383503811912
"578",0.970626685261748
"579",0.966796369958968
"580",0.967625194663609
"581",0.968293645065383
"582",0.959656386480996
"583",0.967562962795586
"584",0.961544508455515
"585",0.9574690954098
"586",0.950140495974707
"587",0.956664491832869
"588",0.959843193406442
"589",0.956470123938642
"590",0.962216794211118
"591",0.95870701738706
"592",0.955531829865018
"593",0.955766853507457
"594",0.963300900630504
"595",0.964729276366928
"596",0.959217311483258
"597",0.963415104032721
"598",0.968884207057675
"599",0.973044703068721
"600",0.973769340470372
"601",0.974118487060765
"602",0.976290679919896
"603",0.972751599793483
"604",0.970779053292349
"605",0.967154989986428
"606",0.964251503997637
"607",0.957762496003812
"608",0.9559671099662
"609",0.951633134077873
"610",0.95534127241353
"611",0.955069770659251
"612",0.939699599477197
"613",0.942315360164132
"614",0.929994158955828
"615",0.93227912690917
"616",0.93514368483874
"617",0.949654180127994
"618",0.95615859442602
"619",0.962923645981804
"620",0.95806862111468
"621",0.950027147825172
"622",0.942954956393689
"623",0.951620079158684
"624",0.949766225072302
"625",0.953470197489033
"626",0.947265684908048
"627",0.949338333628832
"628",0.950440419328229
"629",0.957116734103837
"630",0.961356823403186
"631",0.958003459302131
"632",0.957534634688396
"633",0.957590619836327
"634",0.95595652152976
"635",0.957878987245576
"636",0.960089649167062
"637",0.960440946103888
"638",0.959513618033638
"639",0.958334556696523
"640",0.948119430235931
"641",0.952033953295263
"642",0.949870600496999
"643",0.935541246489085
"644",0.930759401154431
"645",0.927340534010843
"646",0.9276505126448
"647",0.932024602127584
"648",0.929492329013484
"649",0.943832325680046
"650",0.935201290952868
"651",0.923271276834767
"652",0.931862535548299
"653",0.934822385242165
"654",0.936131225170059
"655",0.940559910845836
"656",0.933789193201877
"657",0.946516269093992
"658",0.947581282423
"659",0.945693113369719
"660",0.938414812290154
"661",0.942449761887657
"662",0.941060732557996
"663",0.932284306710963
"664",0.929534149821497
"665",0.933914658286646
"666",0.929647712540938
"667",0.94253918757925
"668",0.944776877111065
"669",0.943050659865223
"670",0.938585443301548
"671",0.93986756456247
"672",0.941402557514538
"673",0.931938154414861
"674",0.934569656194083
"675",0.945250404193906
"676",0.94853750892857
"677",0.94758221636297
"678",0.944699284692207
"679",0.943109687435474
"680",0.931506264774826
"681",0.927197754024182
"682",0.926669669875697
"683",0.923813493646833
"684",0.927944213141591
"685",0.927272528465713
"686",0.940378190298062
"687",0.942013875976527
"688",0.947277159257919
"689",0.948609067582885
"690",0.950026964717032
"691",0.952820755455277
"692",0.953520362700311
"693",0.956469752317837
"694",0.963624792841132
"695",0.961987779271365
"696",0.962551592705671
"697",0.96018508522422
"698",0.962830887702126
"699",0.958362204623201
"700",0.961056244359388
"701",0.955730437207914
"702",0.949896603249955
"703",0.953773636505544
"704",0.944917176165346
"705",0.944234545393305
"706",0.939577917587919
"707",0.954037021368257
"708",0.946472929800589
"709",0.933855175174253
"710",0.928631915392889
"711",0.926130524706872
"712",0.924624615843304
"713",0.92654967514819
"714",0.930913689112851
"715",0.930119805642773
"716",0.927161141695615
"717",0.922659176611194
"718",0.91952188691497
"719",0.934422235143143
"720",0.913257767741704
"721",0.912509774302619
"722",0.940756056004595
"723",0.931396921069692
"724",0.936772754302048
"725",0.941300690573733
"726",0.941594210862496
"727",0.92631890546739
"728",0.925385952620325
"729",0.923072281166444
"730",0.921335226868344
"731",0.885928184860881
"732",0.893361509583284
"733",0.890631601153384
"734",0.887407480229499
"735",0.906222789901468
"736",0.913991438470632
"737",0.896510624476744
"738",0.919257472873755
"739",0.92756190454269
"740",0.925670416220284
"741",0.927535117598179
"742",0.937090180932105
"743",0.934088193897364
"744",0.927364418113735
"745",0.91712056732251
"746",0.924950762203704
"747",0.925969592879846
"748",0.921554178956545
"749",0.929461049309452
"750",0.926294097258466
"751",0.927780145022174
"752",0.933823569009667
"753",0.935994594500118
"754",0.94211346673099
"755",0.934197206360297
"756",0.933191693545938
"757",0.932850473681336
"758",0.934232772581333
"759",0.924068352645244
"760",0.933003442854719
"761",0.928245768494052
"762",0.932799187328606
"763",0.938029193293621
"764",0.926808920073485
"765",0.922314752892839
"766",0.934562596014041
"767",0.941237005700785
"768",0.936260834415548
"769",0.942440899111309
"770",0.949099694664292
"771",0.95401233559555
"772",0.953947452700733
"773",0.950225670389686
"774",0.945667022861943
"775",0.95125697045235
"776",0.952756488990304
"777",0.953920489087136
"778",0.951521815022883
"779",0.942357252097154
"780",0.946451247116901
"781",0.938508295368269
"782",0.932256725823758
"783",0.931975055634779
"784",0.943155967145741
"785",0.953342091640996
"786",0.960933888030607
"787",0.964485522605375
"788",0.959810803162552
"789",0.953725494294849
"790",0.958564718426562
"791",0.957866529600638
"792",0.960815514657033
"793",0.955157473342273
"794",0.953548423010938
"795",0.952365812711426
"796",0.954790417679421
"797",0.952703263693166
"798",0.955611374052812
"799",0.94998837643456
"800",0.940372075938578
"801",0.926574020433455
"802",0.928130444944686
"803",0.932728331141605
"804",0.941757298802606
"805",0.937055843841525
"806",0.945566243413539
"807",0.948333979623092
"808",0.95454227494799
"809",0.940544339852272
"810",0.949304027748908
"811",0.946921880870107
"812",0.949598624202054
"813",0.940575176308553
"814",0.935179946143072
"815",0.94020950018145
"816",0.940506788470016
"817",0.947813998208669
"818",0.956188070334334
"819",0.955807179017735
"820",0.956604905570311
"821",0.947742473648
"822",0.94042275586605
"823",0.940984144176251
"824",0.941646128473571
"825",0.939048254256703
"826",0.939936211172237
"827",0.933289018803368
"828",0.937758857238716
"829",0.93438251356738
"830",0.942217546811763
"831",0.948198542661045
"832",0.951905022059025
"833",0.954014557542853
"834",0.954535226368899
"835",0.951826950848147
"836",0.948549689884083
"837",0.936973523933754
"838",0.943281242574963
"839",0.944728376009858
"840",0.944040086304052
"841",0.944004135377504
"842",0.941188576502274
"843",0.95027940453467
"844",0.946172435980566
"845",0.950907022324632
"846",0.954321222201409
"847",0.958176469450302
"848",0.956515319838253
"849",0.947251263135333
"850",0.957775432042329
"851",0.951732629051101
"852",0.955970504370441
"853",0.953002203392725
"854",0.950707934466898
"855",0.948703549996486
"856",0.947890629276337
"857",0.954475453556048
"858",0.945909702551719
"859",0.943117907194217
"860",0.939208140183274
"861",0.935279441788459
"862",0.940175923725366
"863",0.928598515292004
"864",0.920438487132789
"865",0.939112090684432
"866",0.941231341905191
"867",0.953547135251346
"868",0.949224754836046
"869",0.953589814347395
"870",0.953592158617223
"871",0.95040850315609
"872",0.952350230131107
"873",0.949616171550023
"874",0.947088453783212
"875",0.955180096901542
"876",0.940774184899425
"877",0.941732530182734
"878",0.929433236715417
"879",0.918834786270118
"880",0.924747080772904
"881",0.913359593027068
"882",0.898307345839406
"883",0.91094429362319
"884",0.923849407711731
"885",0.927792635954952
"886",0.923652357208258
"887",0.914769566200493
"888",0.89306073520207
"889",0.895831791352069
"890",0.905905948972326
"891",0.898559986194267
"892",0.881827781939365
"893",0.893220542814752
"894",0.908765698644101
"895",0.932367644090258
"896",0.92419502268232
"897",0.927094198308367
"898",0.917890068337612
"899",0.9294152107924
"900",0.932014449625853
"901",0.943062413821945
"902",0.943426593004176
"903",0.944035187260132
"904",0.951959749189854
"905",0.948107802816541
"906",0.945298789575209
"907",0.933345216559223
"908",0.937402684149636
"909",0.941290392650556
"910",0.944092447629342
"911",0.947956588638591
"912",0.946233664894324
"913",0.94999102225906
"914",0.947429724086575
"915",0.946219018250686
"916",0.938164694719046
"917",0.92943867880409
"918",0.935048668811616
"919",0.937785323386272
"920",0.938181217032454
"921",0.940356448509296
"922",0.923587284434943
"923",0.911442978764569
"924",0.906262019658088
"925",0.911583788486244
"926",0.916098154738726
"927",0.89223569901543
"928",0.902204133195586
"929",0.892610576853158
"930",0.902427134881604
"931",0.907425342688366
"932",0.920883393256032
"933",0.931782281439277
"934",0.906720727362019
"935",0.913125987993266
"936",0.931222141217522
"937",0.942948032923283
"938",0.937818814403822
"939",0.936826164883366
"940",0.94481069575972
"941",0.951956321843152
"942",0.942450306001475
"943",0.938157385865955
"944",0.923187804863741
"945",0.915829793980645
"946",0.928561422311677
"947",0.933346638553636
"948",0.926695900733766
"949",0.926924657467694
"950",0.929706958205118
"951",0.936281834233827
"952",0.924346869581691
"953",0.922031971244248
"954",0.932134347017062
"955",0.910720398709174
"956",0.934610545938021
"957",0.940614411491984
"958",0.930684671576569
"959",0.931207078304909
"960",0.929221562110138
"961",0.942951283741934
"962",0.947117976469285
"963",0.94373205344774
"964",0.946113645960238
"965",0.941923385891497
"966",0.936626425012712
"967",0.927192069618904
"968",0.928319835204557
"969",0.931300808413737
"970",0.935622627600174
"971",0.933061727151303
"972",0.929065512682237
"973",0.932106436359408
"974",0.93424757400985
"975",0.936092287120435
"976",0.945126345274919
"977",0.944970349477515
"978",0.945812359070137
"979",0.950886941869503
"980",0.950555186205799
"981",0.945114150457508
"982",0.93844890117728
"983",0.925574204592022
"984",0.917680897618035
"985",0.910528887152711
"986",0.907457212617642
"987",0.913064653248685
"988",0.921284411780384
"989",0.918667593286833
"990",0.908771959496767
"991",0.91180317076106
"992",0.906617920972124
"993",0.886816265916327
"994",0.878285466366011
"995",0.888882898534819
"996",0.91633114371544
"997",0.928101973068923
"998",0.933307757685409
"999",0.919780588492568
"1000",0.916885200779419
"1001",0.932104386502462
"1002",0.931872305752322
"1003",0.915332715950562
"1004",0.91069226623598
"1005",0.930058347919879
"1006",0.925742661889557
"1007",0.929806842126485
"1008",0.934350735566284
"1009",0.932910533281324
"1010",0.934733653172896
"1011",0.940617026635298
"1012",0.944721643372124
"1013",0.93115145536392
"1014",0.929551642393149
"1015",0.92477877689623
"1016",0.932671488545185
"1017",0.92735670154468
"1018",0.926327809225365
"1019",0.933614249136039
"1020",0.928001069908274
"1021",0.928167779061732
"1022",0.929067629731534
"1023",0.93291895903561
"1024",0.940306112573803
"1025",0.942371765620697
"1026",0.94706583594016
"1027",0.949290209948522
"1028",0.953542446086464
"1029",0.949888186942019
"1030",0.948040658105325
"1031",0.943388811652184
"1032",0.955625381146286
"1033",0.951820065253868
"1034",0.955366495462639
"1035",0.957817137788716
"1036",0.952977174808343
"1037",0.947644913848818
"1038",0.941175070328585
"1039",0.951332939280933
"1040",0.952865130536034
"1041",0.948230994521865
"1042",0.942281487551199
"1043",0.947939693966842
"1044",0.954642228617998
"1045",0.9462752146628
"1046",0.950246033437295
"1047",0.94724976235576
"1048",0.935019160483864
"1049",0.949184788966095
"1050",0.949680658014721
"1051",0.943951310960796
"1052",0.949997702077232
"1053",0.954300058441494
"1054",0.959068845402825
"1055",0.960800358332543
"1056",0.963902681373946
"1057",0.964276889763395
"1058",0.957227625712494
"1059",0.965731969666882
"1060",0.953866301553353
"1061",0.959463366500686
"1062",0.956596672179798
"1063",0.959464318471271
"1064",0.951139603741012
"1065",0.954275163403475
"1066",0.960301092254388
"1067",0.955568482792467
"1068",0.955383003232129
"1069",0.954808402789662
"1070",0.94760359315144
"1071",0.938239670174306
"1072",0.932063774942445
"1073",0.941446073327691
"1074",0.947018792183176
"1075",0.947133570801384
"1076",0.943500171905262
"1077",0.951297813551362
"1078",0.951781399040558
"1079",0.951272674541912
"1080",0.943076585741014
"1081",0.945696870533556
"1082",0.943695826374806
"1083",0.955514744243785
"1084",0.945650639886955
"1085",0.952329828930461
"1086",0.952826543919847
"1087",0.950149301515717
"1088",0.947178096738024
"1089",0.948140309268831
"1090",0.947182842867195
"1091",0.94031461228747
"1092",0.935523510597621
"1093",0.922020315384659
"1094",0.918844627924907
"1095",0.897037671565541
"1096",0.919752069476354
"1097",0.91977835988392
"1098",0.920326500591332
"1099",0.909110239113338
"1100",0.901596184371554
"1101",0.909086546855221
"1102",0.918177693993418
"1103",0.928576907666296
"1104",0.922513472561081
"1105",0.92754908764066
"1106",0.914690151889395
"1107",0.918401085107542
"1108",0.91723266672495
"1109",0.910056718268205
"1110",0.906640187391106
"1111",0.89707629032063
"1112",0.908138418477618
"1113",0.933430764216504
"1114",0.930649576767858
"1115",0.920688736994927
"1116",0.925689310958302
"1117",0.921008938186472
"1118",0.92969727828651
"1119",0.924812368807579
"1120",0.916075892707118
"1121",0.921591810709574
"1122",0.928836096622655
"1123",0.946271361584865
"1124",0.946461927062845
"1125",0.949866702056548
"1126",0.94651837832448
"1127",0.951401314021095
"1128",0.949980195878868
"1129",0.953712540594135
"1130",0.956741989676649
"1131",0.953362015782323
"1132",0.960261425968088
"1133",0.959609555883906
"1134",0.960178547389388
"1135",0.957982568543628
"1136",0.950958645400851
"1137",0.95668931996262
"1138",0.952537880110592
"1139",0.943253385466822
"1140",0.937302243697084
"1141",0.93227362958824
"1142",0.922763850432938
"1143",0.927516414025043
"1144",0.916892944938432
"1145",0.913357140169112
"1146",0.925567313405957
"1147",0.935841291315772
"1148",0.943500566781176
"1149",0.944998772377173
"1150",0.94963819484502
"1151",0.95398293686238
"1152",0.953774670420443
"1153",0.948548526625403
"1154",0.946093265273268
"1155",0.945688657737658
"1156",0.948888795458369
"1157",0.947356391967639
"1158",0.946255934487191
"1159",0.945422264407596
"1160",0.949614718747358
"1161",0.94201972482127
"1162",0.937666978748826
"1163",0.941345207711563
"1164",0.950252570185513
"1165",0.953080251862857
"1166",0.949843086859798
"1167",0.948944890362704
"1168",0.952372392662725
"1169",0.949791843241835
"1170",0.942756509758043
"1171",0.931156389204783
"1172",0.935339044252869
"1173",0.929827809174383
"1174",0.931733773334822
"1175",0.922102409150941
"1176",0.931657232799723
"1177",0.928196454239166
"1178",0.9480273132816
"1179",0.951108882503711
"1180",0.950153213773635
"1181",0.950562196852951
"1182",0.953995338275363
"1183",0.949911984700006
"1184",0.953788126500906
"1185",0.958908197628226
"1186",0.958061239296718
"1187",0.963327967235752
"1188",0.963298147530841
"1189",0.960671316053416
"1190",0.963175162118096
"1191",0.959672363671298
"1192",0.955875979049929
"1193",0.962339472470122
"1194",0.96094301063724
"1195",0.963020896589312
"1196",0.96512669367891
"1197",0.960549073351314
"1198",0.959234411534369
"1199",0.96171889048795
"1200",0.957740716419013
"1201",0.960960892500036
"1202",0.961379254303412
"1203",0.953318557387115
"1204",0.95798506041735
"1205",0.955680669048593
"1206",0.957934936781458
"1207",0.956460442712209
"1208",0.952017217444082
"1209",0.948736559665065
"1210",0.949334592080296
"1211",0.947233370840928
"1212",0.95122156256567
"1213",0.953195407489541
"1214",0.955396337207901
"1215",0.950056794194635
"1216",0.948957358518361
"1217",0.956191932310166
"1218",0.963323928772345
"1219",0.953187281957534
"1220",0.948757474456673
"1221",0.951548272687328
"1222",0.959263499498601
"1223",0.961016093903666
"1224",0.956979598754615
"1225",0.953048038662354
"1226",0.951508747429236
"1227",0.958847726795265
"1228",0.959495701092549
"1229",0.96001776450265
"1230",0.960730628537688
"1231",0.959234617630687
"1232",0.961981384568876
"1233",0.962909873789893
"1234",0.962178881394138
"1235",0.954901828794941
"1236",0.95711092748612
"1237",0.950267844471631
"1238",0.950660698234
"1239",0.94893199844868
"1240",0.953324094362749
"1241",0.948493439550314
"1242",0.948976192648044
"1243",0.947519600069176
"1244",0.960069928327568
"1245",0.958672426474253
"1246",0.956491421438309
"1247",0.955647041709919
"1248",0.949760057311547
"1249",0.947905602613011
"1250",0.95814917239106
"1251",0.952258822250041
"1252",0.949543444224895
"1253",0.944500592089322
"1254",0.930856966642214
"1255",0.921164092546652
"1256",0.917143406177878
"1257",0.930451188911477
"1258",0.928922670451234
"1259",0.909974865045443
"1260",0.922326076934323
"1261",0.937533756956287
"1262",0.948677485719085
"1263",0.952593437984732
"1264",0.947492488837177
"1265",0.948198760352589
"1266",0.951317996296772
"1267",0.951898889642825
"1268",0.953108023296003
"1269",0.957320097758041
"1270",0.952271984697191
"1271",0.950360872580905
"1272",0.946329782978671
"1273",0.948871313403514
"1274",0.947523909859349
"1275",0.947700696189516
"1276",0.941270874816979
"1277",0.947706025794101
"1278",0.947842554737054
"1279",0.954192911247082
"1280",0.955024697783194
"1281",0.949804259851672
"1282",0.952444051092091
"1283",0.956673364364174
"1284",0.957975168550854
"1285",0.957815801318806
"1286",0.964253583032284
"1287",0.963983386723431
"1288",0.966681798093423
"1289",0.967254995823906
"1290",0.967311429293627
"1291",0.966679275893879
"1292",0.969151692822438
"1293",0.967265186059821
"1294",0.967235630488411
"1295",0.960736822733767
"1296",0.958569353548578
"1297",0.956002676174183
"1298",0.95144209911392
"1299",0.948172167874807
"1300",0.948259106890327
"1301",0.948218027376033
"1302",0.951926309755233
"1303",0.952237932152369
"1304",0.951997984796481
"1305",0.955200399827854
"1306",0.951036056040144
"1307",0.955243732511768
"1308",0.951191796654617
"1309",0.941644428511519
"1310",0.948545257975534
"1311",0.951961821920783
"1312",0.958764526270788
"1313",0.961422254056315
"1314",0.961922498405432
"1315",0.962573513310666
"1316",0.965176989532811
"1317",0.963400072791481
"1318",0.964981049916935
"1319",0.964725610123886
"1320",0.965445414477045
"1321",0.963832870535529
"1322",0.956467681324057
"1323",0.965724450688113
"1324",0.967746832900164
"1325",0.967815252476595
"1326",0.966239684112269
"1327",0.971385948984207
"1328",0.972338047522517
"1329",0.96462067171244
"1330",0.965087887794178
"1331",0.962145764518993
"1332",0.95822225813997
"1333",0.94675075865188
"1334",0.948156147450927
"1335",0.94224998669884
"1336",0.938830914396541
"1337",0.941641295627917
"1338",0.947822942084799
"1339",0.944935140362406
"1340",0.952768301067897
"1341",0.948918156964208
"1342",0.94696669734253
"1343",0.94220237222003
"1344",0.943181531365733
"1345",0.943034971164536
"1346",0.936681439813103
"1347",0.939705139644649
"1348",0.927737254690282
"1349",0.945745735672718
"1350",0.944640881945748
"1351",0.935827507529592
"1352",0.934859582607435
"1353",0.945527119580451
"1354",0.949628591089616
"1355",0.946262291698132
"1356",0.946906697280814
"1357",0.946969181341208
"1358",0.944967564291284
"1359",0.938479703367469
"1360",0.934349057966759
"1361",0.935490859698682
"1362",0.935570187848167
"1363",0.936817800412809
"1364",0.930822350233086
"1365",0.927695193661518
"1366",0.923655857613901
"1367",0.921521420816069
"1368",0.921055446189525
"1369",0.923784080099111
"1370",0.929394550821902
"1371",0.914373397442394
"1372",0.923934052709097
"1373",0.925645716107188
"1374",0.921888770748797
"1375",0.924030444617616
"1376",0.933634067784575
"1377",0.930758309533067
"1378",0.945246263481877
"1379",0.943395753448778
"1380",0.929676920016556
"1381",0.930785561176335
"1382",0.946960402790376
"1383",0.934640237408687
"1384",0.935610739943563
"1385",0.940171109610234
"1386",0.927514281764577
"1387",0.938552512129128
"1388",0.945104094930345
"1389",0.944978955684439
"1390",0.934223295995232
"1391",0.932098250422386
"1392",0.915589141629949
"1393",0.905950535430421
"1394",0.89433720161575
"1395",0.911108139843019
"1396",0.927633329732642
"1397",0.934431473281811
"1398",0.932306983416014
"1399",0.922716822919567
"1400",0.923765963585961
"1401",0.925681187841313
"1402",0.915937624354744
"1403",0.91205039037242
"1404",0.90854751338251
"1405",0.905015491328609
"1406",0.899129448572016
"1407",0.919375563596542
"1408",0.917160887667082
"1409",0.916215761087582
"1410",0.915562237240327
"1411",0.904929684838442
"1412",0.901831070954227
"1413",0.906633709181041
"1414",0.915826926824253
"1415",0.914904729687771
"1416",0.926689655995875
"1417",0.914144283949973
"1418",0.915818051248128
"1419",0.89686398650117
"1420",0.916195226838159
"1421",0.922072680557366
"1422",0.923006545613445
"1423",0.91415985250475
"1424",0.916451839459806
"1425",0.905795067279304
"1426",0.923535603758058
"1427",0.924573711500944
"1428",0.924311335060101
"1429",0.924191332386848
"1430",0.911430603566211
"1431",0.922947695859434
"1432",0.927329089417001
"1433",0.930081129622947
"1434",0.917304799737393
"1435",0.921604759888913
"1436",0.913676439829314
"1437",0.927531969710424
"1438",0.932606103221677
"1439",0.923811775523622
"1440",0.909019746262516
"1441",0.906451516951065
"1442",0.921958249731348
"1443",0.932877134367915
"1444",0.925194791173046
"1445",0.932755887047328
"1446",0.934354955022018
"1447",0.938734751396598
"1448",0.936075952531775
"1449",0.934518612649921
"1450",0.929048102440414
"1451",0.946270804518379
"1452",0.943858234757683
"1453",0.942023539307517
"1454",0.917005574408978
"1455",0.933291328588633
"1456",0.937465961742145
"1457",0.946550500012313
"1458",0.939930742124956
"1459",0.941574871637073
"1460",0.93005846751147
"1461",0.916145849055969
"1462",0.917503116088853
"1463",0.922000430639484
"1464",0.928127016040433
"1465",0.920888642677812
"1466",0.914557355867617
"1467",0.919432589137931
"1468",0.919628389453702
"1469",0.927344765812758
"1470",0.927909688506911
"1471",0.940456518496162
"1472",0.947414077470735
"1473",0.94983018559394
"1474",0.946278429702778
"1475",0.932410239077279
"1476",0.938246920543781
"1477",0.937931926496587
"1478",0.942778712164463
"1479",0.932146980484197
"1480",0.923950749665981
"1481",0.923283003317501
"1482",0.941803821346786
"1483",0.938699281284408
"1484",0.945574637100554
"1485",0.947575721927811
"1486",0.948756965082972
"1487",0.947654547827861
"1488",0.949071285774309
"1489",0.954231888365895
"1490",0.947896595840993
"1491",0.944950642927177
"1492",0.946556370928726
"1493",0.948591527206112
"1494",0.944007021811898
"1495",0.949121835215652
"1496",0.951512291263379
"1497",0.939362125512675
"1498",0.942326211712248
"1499",0.934585214360925
"1500",0.948525312385134
"1501",0.953978934754433
"1502",0.949471725377388
"1503",0.948510035696579
"1504",0.953819004647177
"1505",0.954730182139675
"1506",0.952324090305764
"1507",0.938774587726757
"1508",0.938667671502327
"1509",0.945740430281787
"1510",0.948235652694362
"1511",0.949744392086609
"1512",0.952978417396039
"1513",0.950592702571596
"1514",0.943310221936641
"1515",0.936062093210531
"1516",0.924063308185746
"1517",0.91893491235825
"1518",0.933392845917429
"1519",0.939108019249996
"1520",0.943866693430517
"1521",0.955003860369318
"1522",0.947501488046847
"1523",0.952792863816397
"1524",0.948289581148467
"1525",0.946158067773005
"1526",0.948675347453481
"1527",0.946096083548702
"1528",0.940594401254268
"1529",0.936014927190086
"1530",0.931497877185467
"1531",0.929178332226517
"1532",0.945414594327446
"1533",0.948794704228782
"1534",0.936398486187513
"1535",0.929295951626085
"1536",0.932780166056997
"1537",0.939959370434923
"1538",0.929806837714302
"1539",0.935507270436724
"1540",0.938826458174917
"1541",0.917638429556079
"1542",0.916694303846057
"1543",0.918433538080777
"1544",0.925209333024915
"1545",0.919964203285156
"1546",0.906092863683268
"1547",0.923069303832947
"1548",0.92210052628182
"1549",0.925359836527458
"1550",0.932358657625295
"1551",0.930783950742019
"1552",0.938364687305559
"1553",0.929570501905914
"1554",0.933386136486279
"1555",0.945173416182629
"1556",0.949732848338849
"1557",0.952956709516236
"1558",0.946327931944931
"1559",0.952514357875879
"1560",0.955498334468908
"1561",0.949531546763346
"1562",0.948015067445692
"1563",0.948166609279866
"1564",0.953730272842235
"1565",0.951476896242453
"1566",0.940982143528959
"1567",0.938469784658262
"1568",0.937080665757466
"1569",0.945260746921735
"1570",0.948850426858797
"1571",0.952581744464501
"1572",0.945844940654221
"1573",0.944468215598812
"1574",0.950112050847438
"1575",0.954126591320476
"1576",0.940498317099206
"1577",0.947832507604659
"1578",0.953910940734468
"1579",0.949385778626575
"1580",0.95232581793786
"1581",0.933238651563697
"1582",0.934007367384244
"1583",0.939312217294313
"1584",0.94523430161429
"1585",0.951975885638804
"1586",0.955623218993391
"1587",0.953879904927191
"1588",0.962418928567658
"1589",0.954691476750937
"1590",0.945895430138912
"1591",0.941222470188188
"1592",0.945507756567154
"1593",0.947838789050774
"1594",0.951669839549623
"1595",0.941906573460156
"1596",0.95422419449864
"1597",0.951923595489357
"1598",0.954352092628297
"1599",0.952553059978283
"1600",0.9369645049314
"1601",0.936819101060773
"1602",0.942080695078777
"1603",0.949326920354072
"1604",0.946377688860504
"1605",0.938125157485695
"1606",0.940405538307565
"1607",0.936313442460125
"1608",0.94189746550997
"1609",0.942326531967649
"1610",0.949919741385667
"1611",0.945728983455657
"1612",0.939359058996135
"1613",0.947830095296721
"1614",0.943890047215074
"1615",0.951582067096387
"1616",0.949422074616336
"1617",0.948205555443603
"1618",0.950693785099356
"1619",0.94973753104789
"1620",0.95140104725909
"1621",0.952918976797524
"1622",0.951730437973596
"1623",0.948734066889356
"1624",0.942978232098645
"1625",0.942503024540551
"1626",0.941811925134166
"1627",0.936903526757916
"1628",0.938219546521979
"1629",0.945136121594532
"1630",0.952457161350087
"1631",0.948285702427809
"1632",0.953687573769119
"1633",0.954920790119038
"1634",0.950172311918749
"1635",0.942174200732631
"1636",0.945327321105826
"1637",0.946349243525944
"1638",0.941663398499811
"1639",0.946003186281717
"1640",0.943919753666009
"1641",0.954131613810809
"1642",0.950803322373395
"1643",0.950799609796025
"1644",0.952879019711489
"1645",0.95013568647848
"1646",0.94293430964313
"1647",0.939057213379001
"1648",0.932504351392486
"1649",0.938829022969479
"1650",0.934979279093981
"1651",0.945592651382912
"1652",0.947317474140157
"1653",0.954449939484877
"1654",0.949928018402189
"1655",0.94698188045134
"1656",0.942172006415829
"1657",0.937388619806156
"1658",0.947567779059125
"1659",0.954833329579725
"1660",0.945119462176036
"1661",0.941478966922359
"1662",0.935738404507148
"1663",0.938557132600907
"1664",0.940107564450903
"1665",0.947479719776807
"1666",0.952667354332631
"1667",0.943008816961141
"1668",0.940402654966254
"1669",0.935469115670028
"1670",0.927929191232494
"1671",0.934940270355183
"1672",0.938276892878567
"1673",0.947960615984736
"1674",0.945729590710386
"1675",0.947764983810697
"1676",0.945774409832511
"1677",0.942514451391878
"1678",0.94055837098658
"1679",0.93569916999397
"1680",0.929840446591961
"1681",0.926018500489412
"1682",0.944454134077926
"1683",0.940122200976888
"1684",0.930709843782487
"1685",0.940747698418999
"1686",0.934420744511862
"1687",0.92529567403147
"1688",0.925482608786895
"1689",0.908077733981647
"1690",0.90850849363071
"1691",0.905966059892524
"1692",0.916619793739137
"1693",0.913943062982386
"1694",0.923187748328968
"1695",0.93125490504055
"1696",0.925060695788931
"1697",0.92842582406614
"1698",0.928563885418091
"1699",0.926599707824807
"1700",0.914014505521411
"1701",0.920766908134607
"1702",0.933254798011268
"1703",0.913385658159732
"1704",0.919685164678661
"1705",0.920805510601794
"1706",0.917715483937994
"1707",0.92139889020089
"1708",0.927414558491319
"1709",0.929289672342599
"1710",0.938550507468409
"1711",0.947544822580387
"1712",0.949100340084684
"1713",0.950039544525312
"1714",0.946123007095151
"1715",0.951423547976205
"1716",0.947809897808031
"1717",0.942249862623625
"1718",0.936910224270992
"1719",0.933067722501033
"1720",0.940417347442996
"1721",0.930039456370542
"1722",0.934559744945652
"1723",0.937774494793232
"1724",0.950833779705265
"1725",0.950625836213186
"1726",0.949364252854741
"1727",0.941836095506179
"1728",0.945063997000971
"1729",0.944108996025706
"1730",0.935571755079603
"1731",0.947085585587905
"1732",0.938996211041788
"1733",0.929946571053457
"1734",0.93314177280716
"1735",0.924762184050542
"1736",0.928354756160031
"1737",0.943109288767895
"1738",0.937257536441098
"1739",0.927618896334921
"1740",0.925247834288834
"1741",0.918673097238264
"1742",0.898746704443539
"1743",0.907677921923264
"1744",0.918324466938419
"1745",0.915663259667668
"1746",0.911234233307986
"1747",0.901476200686438
"1748",0.919579767353004
"1749",0.915981064771007
"1750",0.915157876019877
"1751",0.912669970564115
"1752",0.91812153381265
"1753",0.935636511296258
"1754",0.94327689840357
"1755",0.939759539248249
"1756",0.934747840858644
"1757",0.940220937932446
"1758",0.941815633277732
"1759",0.933473546596202
"1760",0.940173567257481
"1761",0.915908304029513
"1762",0.909595495229316
"1763",0.902928967713911
"1764",0.926737465582697
"1765",0.925920919965301
"1766",0.930960267083701
"1767",0.92395477660173
"1768",0.929471394405713
"1769",0.928465065026181
"1770",0.937428315728295
"1771",0.916511477673395
"1772",0.93178051693292
"1773",0.900330989039953
"1774",0.915327528114856
"1775",0.922464185076613
"1776",0.927291072564021
"1777",0.921344445436881
"1778",0.907877750148147
"1779",0.907467855823655
"1780",0.907125411313214
"1781",0.900515829268054
"1782",0.906392280627113
"1783",0.896884766261799
"1784",0.904481498613159
"1785",0.898112532080899
"1786",0.902504587834656
"1787",0.901298441398949
"1788",0.887245629039134
"1789",0.892406443585661
"1790",0.914987461576621
"1791",0.907131043558415
"1792",0.906259229428348
"1793",0.929804408997525
"1794",0.922213441180214
"1795",0.925046030218619
"1796",0.930242963418387
"1797",0.94379161767401
"1798",0.940965511202789
"1799",0.940238001050087
"1800",0.943649335303848
"1801",0.93555361508172
"1802",0.935914281181462
"1803",0.931625445363683
"1804",0.943116247399776
"1805",0.93125459518694
"1806",0.936528645580238
"1807",0.938295887104546
"1808",0.942079716412469
"1809",0.942526519202064
"1810",0.943081173564041
"1811",0.932995792232527
"1812",0.949473511739976
"1813",0.944734425814525
"1814",0.945126215305691
"1815",0.942496965117932
"1816",0.933549749328796
"1817",0.931201077394125
"1818",0.920957887319416
"1819",0.931319207897862
"1820",0.914953500471119
"1821",0.918839643572402
"1822",0.923676051611135
"1823",0.92164274017964
"1824",0.921713526741165
"1825",0.938590689470513
"1826",0.92921987104867
"1827",0.92671233245458
"1828",0.929899092401413
"1829",0.938315068344263
"1830",0.939835736062229
"1831",0.942946424614046
"1832",0.937858864476154
"1833",0.943714843633837
"1834",0.94998598223717
"1835",0.953887948246255
"1836",0.947960183768117
"1837",0.95165678141065
"1838",0.948328723395551
"1839",0.948240614428396
"1840",0.961661025972483
"1841",0.96255566408318
"1842",0.961092455306248
"1843",0.957578067346269
"1844",0.961565521928232
"1845",0.960717426989142
"1846",0.958596242089067
"1847",0.946507740281246
"1848",0.945430002899352
"1849",0.950639610529499
"1850",0.950628130370521
"1851",0.954409190858124
"1852",0.954155992837828
"1853",0.962167202255373
"1854",0.961077255856077
"1855",0.966885430926916
"1856",0.970391307127825
"1857",0.969594633514915
"1858",0.96986654580269
"1859",0.971041167546315
"1860",0.970080857503753
"1861",0.964869849876854
"1862",0.96513785910104
"1863",0.961640033209679
"1864",0.955760088843262
"1865",0.953930529445019
"1866",0.958243137779562
"1867",0.960251367061683
"1868",0.95874350757003
"1869",0.964659375523348
"1870",0.96031269465678
"1871",0.948958882608379
"1872",0.953993488862655
"1873",0.952125793240405
"1874",0.947334742398441
"1875",0.950434486458725
"1876",0.945589126694976
"1877",0.949930292780241
"1878",0.951419826891204
"1879",0.950610681101477
"1880",0.948850580433828
"1881",0.948383618343947
"1882",0.936970866366306
"1883",0.928456008283565
"1884",0.932716141017567
"1885",0.946277746808113
"1886",0.951247604933723
"1887",0.94673712495503
"1888",0.946039330273774
"1889",0.940862213498367
"1890",0.943950192734961
"1891",0.944225388954623
"1892",0.93818685244746
"1893",0.944919329717096
"1894",0.945124609639206
"1895",0.936917020598217
"1896",0.924958156434209
"1897",0.925362657669337
"1898",0.941886033725111
"1899",0.934649861749757
"1900",0.926580815573522
"1901",0.89860272054657
"1902",0.920653304608442
"1903",0.915427283968427
"1904",0.913217488290984
"1905",0.913439716151977
"1906",0.917680130203574
"1907",0.937316933443209
"1908",0.931947657007393
"1909",0.925434554025981
"1910",0.930737113533909
"1911",0.938904200556817
"1912",0.946065525644853
"1913",0.947932081728376
"1914",0.951232473012805
"1915",0.958257769081755
"1916",0.962689079723365
"1917",0.96526146516467
"1918",0.96067097811324
"1919",0.962146774628122
"1920",0.964140078845872
"1921",0.959155474262456
"1922",0.957502807449707
"1923",0.958402709221421
"1924",0.955418719411664
"1925",0.959981287328134
"1926",0.966089702009904
"1927",0.968533974699305
"1928",0.97079564061577
"1929",0.973936177231207
"1930",0.973465396214982
"1931",0.97340835563953
"1932",0.975058564213304
"1933",0.967667137025616
"1934",0.967183029366068
"1935",0.963607353640911
"1936",0.967987384413576
"1937",0.966249006686776
"1938",0.966218369006403
"1939",0.966311137253893
"1940",0.967986182808609
"1941",0.97049769147466
"1942",0.974192892792776
"1943",0.971145312047967
"1944",0.972013612548078
"1945",0.974949635558378
"1946",0.977129049744329
"1947",0.975011348945126
"1948",0.970279675967817
"1949",0.970901184025878
"1950",0.97182420449453
"1951",0.971545885964574
"1952",0.97607160914171
"1953",0.972550949279054
"1954",0.967226538220978
"1955",0.970899260765548
"1956",0.975056981574691
"1957",0.974030903827069
"1958",0.975488171748776
"1959",0.976782810303612
"1960",0.9763193522282
"1961",0.97501762496817
"1962",0.96891534197792
"1963",0.969681141700256
"1964",0.969738368496214
"1965",0.958464825685213
"1966",0.96028606933084
"1967",0.960211614874
"1968",0.957061614465222
"1969",0.958313890310642
"1970",0.963058954818455
"1971",0.959346234483278
"1972",0.955274569419801
"1973",0.951234866576512
"1974",0.953555412699766
"1975",0.959192267480563
"1976",0.963559930409533
"1977",0.961138668403368
"1978",0.959634806006473
"1979",0.956764314069315
"1980",0.955050003704857
"1981",0.956587633285595
"1982",0.961309507784181
"1983",0.954500207539497
"1984",0.949543134742334
"1985",0.942252906906712
"1986",0.944558808409308
"1987",0.926548792770619
"1988",0.920172789586928
"1989",0.91588916682147
"1990",0.921391522516863
"1991",0.917669240256471
"1992",0.913195207464719
"1993",0.925556092747868
"1994",0.925918700903658
"1995",0.935729838449412
"1996",0.925193193733122
"1997",0.928719778146498
"1998",0.933321392630524
"1999",0.930585931724444
"2000",0.93352461180786
"2001",0.944756464424932
"2002",0.951551774742076
"2003",0.95977397853859
"2004",0.951615190354462
"2005",0.947145440057837
"2006",0.953154054097517
"2007",0.958768631160643
"2008",0.963282398847559
"2009",0.961663862751053
"2010",0.964261544673524
"2011",0.959178449621948
"2012",0.964439364328316
"2013",0.955789286409683
"2014",0.958562125878941
"2015",0.9602794906887
"2016",0.96024521555819
"2017",0.959781629900361
"2018",0.964207560221486
"2019",0.962439232922609
"2020",0.959726000002777
"2021",0.954868519660581
"2022",0.95574123221026
"2023",0.953522375561323
"2024",0.949958560341738
"2025",0.959019707512138
"2026",0.962298542863363
"2027",0.957915479392146
"2028",0.949852135976456
"2029",0.95729914551051
"2030",0.962324321998817
"2031",0.959744079621104
"2032",0.955312296051728
"2033",0.955989108161726
"2034",0.956937375082721
"2035",0.951173059794047
"2036",0.952475619607769
"2037",0.95028836822307
"2038",0.961054928015981
"2039",0.955440370132875
"2040",0.955690470033604
"2041",0.957831330513457
"2042",0.953780519713261
"2043",0.953215005109287
"2044",0.949585323483145
"2045",0.947270789126834
"2046",0.954922087508239
"2047",0.95587834878388
"2048",0.955060713716069
"2049",0.955821158027985
"2050",0.960968574525205
"2051",0.96331541627209
"2052",0.959730368702696
"2053",0.956829700638906
"2054",0.95642841857476
"2055",0.961333606753032
"2056",0.958748110199222
"2057",0.957825570976554
"2058",0.958276123013246
"2059",0.959605779857138
"2060",0.963763017165855
"2061",0.965503573391987
"2062",0.95540928546175
"2063",0.954154326125459
"2064",0.949046940976556
"2065",0.947291700384419
"2066",0.95677937633121
"2067",0.959027456317712
"2068",0.957717244119705
"2069",0.960281340417055
"2070",0.964089859754419
"2071",0.967303330683098
"2072",0.96590840110164
"2073",0.962695027278908
"2074",0.963009548382077
"2075",0.961130074952156
"2076",0.958632958220113
"2077",0.957104494861539
"2078",0.950044446101122
"2079",0.958705892500276
"2080",0.964495038055869
"2081",0.966021004766352
"2082",0.970121302917329
"2083",0.973702132055727
"2084",0.968729634543456
"2085",0.971316108017759
"2086",0.967858751428267
"2087",0.966760099777556
"2088",0.969583272668892
"2089",0.961867971130314
"2090",0.961293491080802
"2091",0.958686545994538
"2092",0.960785895795757
"2093",0.956464375158342
"2094",0.960807487461056
"2095",0.963832423650589
"2096",0.965375488584558
"2097",0.970746868374964
"2098",0.967349123618604
"2099",0.966577369230833
"2100",0.968074174801155
"2101",0.963834232265701
"2102",0.96381228988931
"2103",0.963858693337316
"2104",0.963536448014514
"2105",0.965468535085995
"2106",0.970021903828609
"2107",0.972983523743846
"2108",0.972589586968571
"2109",0.970456813475134
"2110",0.965118746352758
"2111",0.9673650166619
"2112",0.967880413445859
"2113",0.969197651057179
"2114",0.962795509191202
"2115",0.962424402169712
"2116",0.963001734950657
"2117",0.965592426418593
"2118",0.960332939335582
"2119",0.956944813818657
"2120",0.957892513079955
"2121",0.959668723865175
"2122",0.959212449648073
"2123",0.952676806461721
"2124",0.953191251743453
"2125",0.957720944732055
"2126",0.956687776947005
"2127",0.958107473530264
"2128",0.961897943889939
"2129",0.96060714327269
"2130",0.962105684041067
"2131",0.960410671625075
"2132",0.964048802882466
"2133",0.961175734374405
"2134",0.961995688521621
"2135",0.965124207583075
"2136",0.959652182324079
"2137",0.964433684916256
"2138",0.966477027535759
"2139",0.967629898320161
"2140",0.967801046098113
"2141",0.968817955579069
"2142",0.96791501669356
"2143",0.965516502211394
"2144",0.964770558227497
"2145",0.966596965450915
"2146",0.9712216905739
"2147",0.972822701742695
"2148",0.970272805707599
"2149",0.969542766503174
"2150",0.969733598082121
"2151",0.970163757739648
"2152",0.971614168729312
"2153",0.975293242142401
"2154",0.976366945709342
"2155",0.976702461154078
"2156",0.974074802540405
"2157",0.971704344488984
"2158",0.967873390059781
"2159",0.965733503128375
"2160",0.956034341212126
"2161",0.956315944633193
"2162",0.956395442426765
"2163",0.961269592085494
"2164",0.958997314171985
"2165",0.95769520511293
"2166",0.956343843351038
"2167",0.956335264048037
"2168",0.963039993911772
"2169",0.961953004515244
"2170",0.959825040914514
"2171",0.951337064000065
"2172",0.952085693246057
"2173",0.956886058520307
"2174",0.947640887283324
"2175",0.951441717186079
"2176",0.94565368962066
"2177",0.956659649087008
"2178",0.96387599601708
"2179",0.964021304541367
"2180",0.961732823809428
"2181",0.956667592007276
"2182",0.953474365625733
"2183",0.94958148611067
"2184",0.948614910924615
"2185",0.943817645292889
"2186",0.944685595979651
"2187",0.950614603969397
"2188",0.936861752389773
"2189",0.944911834878296
"2190",0.944136893497529
"2191",0.940193360106788
"2192",0.948185907271834
"2193",0.958412133122976
"2194",0.964086839959338
"2195",0.964608984192607
"2196",0.968476661773075
"2197",0.967086646914138
"2198",0.972660333255305
"2199",0.976233857438518
"2200",0.978032610830599
"2201",0.978116083081276
"2202",0.977196093699474
"2203",0.977573096917504
"2204",0.975356004095765
"2205",0.972321851034653
"2206",0.966951833218127
"2207",0.964881925562319
"2208",0.96175630229234
"2209",0.956411971689453
"2210",0.954504504568992
"2211",0.956191269539605
"2212",0.960779787662635
"2213",0.962757287281112
"2214",0.965084477615967
"2215",0.961328590512233
"2216",0.965678723673047
"2217",0.965039974123756
"2218",0.963949319912922
"2219",0.966032992960906
"2220",0.966674829324452
"2221",0.966829656516028
"2222",0.968344035814882
"2223",0.968044368492117
"2224",0.968536811925991
"2225",0.968174798481492
"2226",0.96984172231775
"2227",0.971542373359295
"2228",0.972161222235031
"2229",0.972884978807248
"2230",0.974050198283933
"2231",0.971199566249007
"2232",0.970231079153892
"2233",0.97142774990593
"2234",0.970184776413953
"2235",0.974538482784375
"2236",0.973567093219646
"2237",0.971282202651568
"2238",0.973340787677938
"2239",0.970716632162857
"2240",0.970096149223792
"2241",0.964585842417546
"2242",0.965990317892334
"2243",0.967778040586864
"2244",0.967842076949023
"2245",0.967250909220014
"2246",0.965159329464637
"2247",0.955931719193002
"2248",0.956842970662994
"2249",0.959149663348186
"2250",0.964984412526552
"2251",0.970260703678858
"2252",0.96563809620763
"2253",0.971811214850363
"2254",0.969682196781399
"2255",0.96754674440982
"2256",0.964836577964551
"2257",0.962720870513751
"2258",0.952947471401285
"2259",0.950999997498219
"2260",0.949765720098559
"2261",0.953878957357657
"2262",0.962182522759474
"2263",0.967425411073391
"2264",0.968867160875928
"2265",0.966670753400144
"2266",0.965677266279071
"2267",0.965227803198782
"2268",0.966490536429099
"2269",0.966852587551401
"2270",0.969084023217715
"2271",0.967029592163625
"2272",0.968582819265676
"2273",0.965175735000634
"2274",0.961706297440591
"2275",0.958066481243974
"2276",0.956961073589095
"2277",0.955810585304007
"2278",0.959388354472008
"2279",0.964570562446611
"2280",0.963408012581219
"2281",0.959080342805882
"2282",0.960253420459072
"2283",0.963789014026583
"2284",0.967243661755574
"2285",0.962122060273549
"2286",0.964945754677701
"2287",0.963581480433397
"2288",0.963122658369896
"2289",0.961612095656498
"2290",0.951722367437417
"2291",0.952133952150338
"2292",0.956082230538664
"2293",0.946915167810064
"2294",0.939736936494281
"2295",0.932852969435778
"2296",0.938967999861843
"2297",0.944011190125489
"2298",0.947648037142871
"2299",0.94439032884453
"2300",0.942839628161226
"2301",0.947152129777425
"2302",0.940199999867879
"2303",0.948339916448668
"2304",0.94895866973202
"2305",0.951910860003131
"2306",0.954056002554062
"2307",0.948559275104985
"2308",0.950898241830311
"2309",0.94862372677367
"2310",0.957104892354493
"2311",0.951789548526206
"2312",0.950738670743138
"2313",0.943377672110669
"2314",0.946685784185371
"2315",0.949807618598534
"2316",0.950420528727921
"2317",0.953039834528654
"2318",0.961057117637416
"2319",0.957792000142972
"2320",0.96514626961727
"2321",0.965192324625587
"2322",0.968472115096748
"2323",0.961598173800524
"2324",0.970037105076602
"2325",0.969819152749788
"2326",0.968286053060151
"2327",0.966786298223615
"2328",0.967874507239661
"2329",0.967053114689569
"2330",0.963829915377624
"2331",0.959433121075362
"2332",0.955835610124843
"2333",0.952666198764856
"2334",0.959723454594201
"2335",0.956866632754421
"2336",0.957297484256455
"2337",0.957317591751649
"2338",0.956805417935157
"2339",0.957830734794014
"2340",0.959655120719439
"2341",0.960871289622177
"2342",0.96156853863209
"2343",0.962083976793287
"2344",0.959805704498708
"2345",0.963305679665775
"2346",0.966757884385559
"2347",0.963559201922504
"2348",0.962182827041066
"2349",0.964352492379071
"2350",0.964739994393599
"2351",0.967839925699527
"2352",0.9670992439365
"2353",0.962450094643597
"2354",0.964357609770116
"2355",0.968722245610037
"2356",0.970928613501322
"2357",0.968402479018118
"2358",0.97011308881394
"2359",0.969763157400985
"2360",0.974557424632376
"2361",0.974674478269789
"2362",0.975436904464558
"2363",0.972376828314763
"2364",0.969548018250932
"2365",0.967032309608085
"2366",0.962365515331711
"2367",0.95898770893886
"2368",0.965092650482727
"2369",0.95985603719191
"2370",0.95800222255949
"2371",0.960461641466522
"2372",0.954121331949372
"2373",0.950065853502213
"2374",0.947768582620815
"2375",0.956309408943606
"2376",0.953747952068027
"2377",0.960471893302556
"2378",0.961332947225031
"2379",0.961540212243214
"2380",0.962759466083703
"2381",0.957898295422011
"2382",0.951420826125569
"2383",0.956916943458525
"2384",0.960113909786202
"2385",0.956843034137835
"2386",0.954793024508425
"2387",0.954474834401061
"2388",0.953905375849327
"2389",0.953093640349567
"2390",0.952161323197518
"2391",0.95168212860173
"2392",0.953876133526058
"2393",0.952299680924382
"2394",0.948019436819018
"2395",0.940131417774526
"2396",0.942621304755043
"2397",0.936973062324155
"2398",0.926787105981251
"2399",0.938265786678208
"2400",0.930735057337757
"2401",0.927741072919543
"2402",0.934194050905887
"2403",0.937449707979428
"2404",0.945615496715305
"2405",0.943712680447043
"2406",0.947223166592575
"2407",0.956756111608368
"2408",0.95255035326897
"2409",0.947520769114501
"2410",0.955125234937144
"2411",0.953083365754409
"2412",0.951350373215605
"2413",0.945974988719012
"2414",0.949945062303841
"2415",0.953266161420393
"2416",0.955916629855657
"2417",0.945427378916277
"2418",0.94729747989064
"2419",0.950523771402648
"2420",0.94063451617858
"2421",0.934210902344793
"2422",0.930829039549272
"2423",0.933759843753037
"2424",0.903242012606849
"2425",0.917654143662064
"2426",0.921217084073694
"2427",0.92912295413381
"2428",0.92333093528353
"2429",0.924922604872348
"2430",0.935323497509608
"2431",0.948530205981636
"2432",0.943801356370724
"2433",0.949079097553956
"2434",0.955940894893657
"2435",0.959333154997277
"2436",0.960324885168639
"2437",0.961836071493423
"2438",0.962435139110209
"2439",0.957703019841889
"2440",0.958041537658708
"2441",0.95472011323834
"2442",0.952369972045655
"2443",0.95656430525522
"2444",0.955234940453671
"2445",0.959657679634094
"2446",0.966429190920869
"2447",0.958388279602516
"2448",0.960614488940393
"2449",0.96672554091676
"2450",0.959335994091815
"2451",0.949028852760312
"2452",0.939265271730294
"2453",0.939532516558146
"2454",0.937809687460134
"2455",0.935058050477673
"2456",0.941390092154365
"2457",0.947972773333506
"2458",0.945387913157783
"2459",0.944402314899473
"2460",0.945758950571448
"2461",0.95151052346609
"2462",0.948835033048028
"2463",0.93775239253283
"2464",0.932184929816012
"2465",0.906531723845699
"2466",0.912112662586579
"2467",0.911334099156859
"2468",0.900275752187343
"2469",0.899694268565767
"2470",0.907434152290372
"2471",0.907000927320817
"2472",0.895390395013398
"2473",0.888753946114125
"2474",0.910564981106421
"2475",0.910985296879249
"2476",0.908077350204534
"2477",0.909222415129039
"2478",0.912153029904944
"2479",0.924319672794445
"2480",0.927443601517151
"2481",0.932074590361524
"2482",0.938985727052668
"2483",0.937724258324557
"2484",0.942524061729806
"2485",0.946338717711845
"2486",0.943037386124582
"2487",0.930588727298681
"2488",0.927580618371621
"2489",0.93338235538474
"2490",0.926451516851467
"2491",0.941486762793743
"2492",0.944679344792022
"2493",0.9358429280659
"2494",0.931598371994432
"2495",0.931171561093823
"2496",0.934173264873301
"2497",0.954242723078932
"2498",0.954375462744033
"2499",0.954896468465033
"2500",0.957051666185272
"2501",0.959697464824492
"2502",0.96177841155086
"2503",0.959781636270154
"2504",0.958242415580287
"2505",0.96086004497527
"2506",0.966462003936225
"2507",0.966647255054102
"2508",0.960792516762165
"2509",0.965795102932172
"2510",0.966565925306461
"2511",0.959440009683258
"2512",0.959208891722273
"2513",0.960949107371381
"2514",0.960499641355447
"2515",0.958649775010648
"2516",0.953784823489733
"2517",0.956604666361829
"2518",0.953480402364175
"2519",0.951126294464471
"2520",0.950918134085245
"2521",0.945255211131911
"2522",0.946561238595724
"2523",0.946720971294076
"2524",0.952343019384194
"2525",0.949809635835969
"2526",0.957972836773594
"2527",0.960163187550428
"2528",0.96097740282993
"2529",0.947064732852316
"2530",0.951548680039327
"2531",0.948238420519402
"2532",0.943363142476608
"2533",0.94786654791123
"2534",0.939658470580507
"2535",0.950034290609774
"2536",0.96189239564862
"2537",0.953394154128311
"2538",0.951198310905154
"2539",0.954994433684151
"2540",0.948840467765797
"2541",0.938453866795374
"2542",0.937620049833927
"2543",0.936455419187945
"2544",0.929764950601961
"2545",0.934425496895087
"2546",0.935815134132488
"2547",0.943198162962029
"2548",0.933507970689933
"2549",0.945318949770559
"2550",0.941148968101497
"2551",0.948490555110765
"2552",0.942344075934488
"2553",0.941854995585513
"2554",0.928360164643096
"2555",0.928954345435721
"2556",0.931775800881337
"2557",0.926458995542301
"2558",0.925498675236861
"2559",0.930154106162243
"2560",0.939059481021522
"2561",0.918861551275302
"2562",0.916967962607927
"2563",0.905517703591006
"2564",0.914521191076212
"2565",0.920100424419758
"2566",0.940330144386192
"2567",0.94208832849676
"2568",0.937430383873849
"2569",0.93289359395482
"2570",0.93601686000544
"2571",0.93157055603921
"2572",0.938392927166994
"2573",0.939634050470483
"2574",0.934563496334198
"2575",0.937001659104618
"2576",0.937839759420126
"2577",0.940426608242169
"2578",0.944013950987574
"2579",0.95197433707539
"2580",0.950727167331382
"2581",0.953570375881514
"2582",0.950339681603118
"2583",0.957145999860076
"2584",0.957416524975628
"2585",0.954614834385068
"2586",0.952797018369363
"2587",0.95958373276734
"2588",0.959801729351776
"2589",0.960774001663287
"2590",0.955074468306598
"2591",0.958729222432749
"2592",0.957979237687123
"2593",0.953860782904775
"2594",0.962921559873235
"2595",0.966037601595009
"2596",0.966614110045077
"2597",0.967347125722973
"2598",0.964893205404259
"2599",0.965442506892239
"2600",0.962935191633411
"2601",0.966870203275354
"2602",0.9657027538295
"2603",0.970361237054794
"2604",0.968096332297722
"2605",0.968741097597079
"2606",0.969309373376584
"2607",0.969860707236464
"2608",0.968559808444397
"2609",0.970478574709344
"2610",0.972914480608409
"2611",0.971890455764201
"2612",0.968529258402779
"2613",0.966370605310395
"2614",0.968152953431423
"2615",0.971162199251824
"2616",0.973729946051999
"2617",0.973465375233159
"2618",0.97035531323546
"2619",0.969488774514809
"2620",0.972484832922317
"2621",0.971601852253911
"2622",0.974136851073727
"2623",0.970981251000546
"2624",0.971428045395393
"2625",0.966263850509396
"2626",0.963399405341223
"2627",0.965407835189103
"2628",0.95726487665129
"2629",0.96493212151448
"2630",0.962480967892847
"2631",0.959723182616987
"2632",0.955322271892961
"2633",0.947886023200875
"2634",0.943407450677147
"2635",0.944826196744549
"2636",0.941310687958512
"2637",0.943183133908348
"2638",0.952785513302405
"2639",0.947498742488058
"2640",0.951122131911137
"2641",0.944604240616044
"2642",0.94848526673165
"2643",0.94736602710995
"2644",0.953871022139473
"2645",0.950288670664301
"2646",0.939706505677658
"2647",0.939125659287497
"2648",0.938444081681257
"2649",0.944472535632479
"2650",0.952086560411721
"2651",0.940323558531556
"2652",0.952296040859597
"2653",0.949053005422441
"2654",0.929595821190767
"2655",0.927114271269659
"2656",0.933090551469708
"2657",0.929920599964917
"2658",0.91789336164712
"2659",0.914214335039952
"2660",0.915325419756956
"2661",0.922958116761101
"2662",0.930827686924423
"2663",0.931995503686974
"2664",0.935495589854119
"2665",0.932753036573719
"2666",0.929305391535616
"2667",0.928669070271494
"2668",0.935627569029734
"2669",0.928741582026835
"2670",0.92691398365244
"2671",0.9317434465729
"2672",0.931667809004781
"2673",0.928129522955666
"2674",0.921091352508041
"2675",0.917444418427067
"2676",0.913033276417463
"2677",0.928942398776991
"2678",0.940635371670138
"2679",0.936037822974961
"2680",0.940534608148909
"2681",0.937847108883372
"2682",0.955867073681266
"2683",0.95158159331915
"2684",0.950855286124521
"2685",0.955053227120979
"2686",0.958220879968028
"2687",0.960716175319044
"2688",0.961096109434092
"2689",0.958393099682927
"2690",0.961754059512712
"2691",0.955831389049938
"2692",0.941067248299474
"2693",0.938941414668751
"2694",0.930024455596984
"2695",0.939204075253435
"2696",0.943356259715934
"2697",0.947222753861459
"2698",0.940357883685983
"2699",0.947358496051432
"2700",0.945621435670774
"2701",0.952589415130877
"2702",0.953547785765177
"2703",0.952009098951738
"2704",0.95895794632983
"2705",0.956873101104862
"2706",0.951804205393657
"2707",0.939924076134406
"2708",0.93842849289321
"2709",0.954606978627559
"2710",0.952960826733036
"2711",0.955331178193414
"2712",0.954077315567851
"2713",0.943819238676998
"2714",0.943738050925123
"2715",0.939298350127738
"2716",0.942304260750865
"2717",0.939908709807208
"2718",0.934153446668552
"2719",0.94791234274818
"2720",0.944885763449079
"2721",0.945534652943383
"2722",0.942922605918047
"2723",0.936203658340702
"2724",0.936299809662553
"2725",0.933776009238325
"2726",0.941666518108266
"2727",0.945131926354859
"2728",0.946282643828691
"2729",0.9536110074473
"2730",0.960626888485325
"2731",0.961684167384701
"2732",0.958837683708715
"2733",0.953238906029364
"2734",0.957298901841876
"2735",0.954682181034766
"2736",0.95326110143367
"2737",0.953408843340876
"2738",0.958988180618979
"2739",0.961195145561233
"2740",0.958255483887192
"2741",0.964175493660334
"2742",0.962562127281526
"2743",0.96202419014162
"2744",0.959170291242655
"2745",0.963003768262353
"2746",0.958175227358111
"2747",0.959408344272258
"2748",0.959327448490613
"2749",0.961162195171852
"2750",0.960198952903998
"2751",0.963205998373937
"2752",0.96324581272381
"2753",0.959675271112009
"2754",0.961998744676309
"2755",0.961105763876853
"2756",0.959802970187776
"2757",0.963451123727465
"2758",0.967416189512732
"2759",0.96350567793016
"2760",0.960439488418579
"2761",0.961960173749307
"2762",0.962314157438956
"2763",0.962535356575148
"2764",0.965078989890997
"2765",0.966178566443219
"2766",0.964373919858785
"2767",0.966266052338173
"2768",0.964637820608132
"2769",0.96413368484363
"2770",0.965464423776474
"2771",0.966445881791926
"2772",0.962315883841748
"2773",0.965109644698333
"2774",0.962401938964656
"2775",0.959680225610469
"2776",0.957116127241755
"2777",0.95445063514691
"2778",0.952531297834328
"2779",0.95998614955638
"2780",0.960010207630646
"2781",0.954819120217444
"2782",0.952679576464939
"2783",0.953225447921012
"2784",0.952920124077504
"2785",0.957133322543616
"2786",0.950725893269957
"2787",0.950328377041366
"2788",0.945701530463391
"2789",0.941130298996298
"2790",0.948467352738063
"2791",0.941652989804647
"2792",0.943214400188255
"2793",0.953017621270175
"2794",0.957441864738449
"2795",0.954549946212381
"2796",0.957947684682606
"2797",0.957284218655662
"2798",0.958227254666727
"2799",0.960690350225642
"2800",0.95709284904492
"2801",0.961332334101723
"2802",0.958202447799693
"2803",0.957531411073499
"2804",0.959110933457499
"2805",0.962535207186449
"2806",0.95701137654492
"2807",0.960263732427942
"2808",0.961089615837916
"2809",0.955408888831933
"2810",0.956079847676321
"2811",0.962942743249874
"2812",0.962648944025664
"2813",0.962416401130242
"2814",0.957979912475466
"2815",0.956227583618555
"2816",0.952727852201212
"2817",0.958205197976796
"2818",0.966834416260265
"2819",0.965810471569382
"2820",0.969823756820836
"2821",0.969484160962748
"2822",0.971052688131868
"2823",0.971607682211073
"2824",0.96900255867139
"2825",0.970036716936007
"2826",0.970710685228851
"2827",0.96967857266516
"2828",0.972817895952858
"2829",0.970650883889087
"2830",0.96439945784012
"2831",0.966924491978411
"2832",0.966728781229209
"2833",0.968111467150649
"2834",0.965733479225419
"2835",0.964998030178244
"2836",0.961493316784036
"2837",0.961511991065654
"2838",0.963081075597563
"2839",0.964942834414046
"2840",0.969928478660204
"2841",0.972158255327943
"2842",0.969861561453598
"2843",0.969112700554823
"2844",0.970212859223928
"2845",0.97328879045594
"2846",0.976041204945013
"2847",0.974621165373413
"2848",0.977553355079082
"2849",0.975488192248783
"2850",0.976139200499222
"2851",0.976144282252416
"2852",0.974570320364728
"2853",0.971588090147276
"2854",0.96939266793249
"2855",0.967432033461861
"2856",0.95925209669327
"2857",0.961847691124273
"2858",0.964515034730485
"2859",0.965121357367911
"2860",0.961193826088072
"2861",0.959590340769141
"2862",0.962805772630213
"2863",0.959787566286596
"2864",0.959803624882134
"2865",0.954509185325427
"2866",0.959041822250225
"2867",0.961804998150771
"2868",0.964099863267145
"2869",0.96545432820089
"2870",0.959041065631088
"2871",0.955316997437971
"2872",0.959763725322509
"2873",0.960155249077925
"2874",0.95648671395441
"2875",0.959319988374047
"2876",0.952930341610768
"2877",0.953849173320258
"2878",0.954948603195011
"2879",0.957361971008763
"2880",0.961338847258773
"2881",0.95806000844117
"2882",0.955867450941613
"2883",0.957570687353673
"2884",0.959494463640909
"2885",0.949316558888256
"2886",0.945727741999047
"2887",0.950830229673248
"2888",0.944891907031261
"2889",0.952531932942749
"2890",0.955393314189057
"2891",0.946293936560292
"2892",0.943482079935101
"2893",0.94723651096673
"2894",0.949622827001784
"2895",0.955385085362967
"2896",0.947299534737178
"2897",0.948542638783665
"2898",0.951801680769825
"2899",0.942221137002828
"2900",0.942649353351351
"2901",0.939621685071159
"2902",0.952685186780067
"2903",0.954503175769519
"2904",0.949150207555702
"2905",0.94337449710133
"2906",0.940160666624351
"2907",0.947376898131086
"2908",0.935758394774895
"2909",0.940577558107579
"2910",0.943326740949243
"2911",0.946817312977164
"2912",0.947807519660123
"2913",0.951625676823145
"2914",0.956574896285699
"2915",0.953391789906047
"2916",0.943010317509042
"2917",0.948429577741477
"2918",0.953190225299365
"2919",0.941744933916167
"2920",0.94688378281613
"2921",0.949135985794258
"2922",0.94069107727995
"2923",0.949557975889409
"2924",0.953345145502443
"2925",0.948994994940053
"2926",0.941924623346836
"2927",0.940947982871245
"2928",0.946343378429235
"2929",0.942049097822436
"2930",0.948158422344552
"2931",0.945722048127668
"2932",0.947773169721179
"2933",0.947603053745801
"2934",0.934856201406221
"2935",0.905834887200546
"2936",0.909176102992424
"2937",0.923997306055635
"2938",0.940353499916099
"2939",0.936417656901743
"2940",0.919950687530669
"2941",0.922387330119652
"2942",0.922162349603802
"2943",0.935872368174456
"2944",0.933539923623893
"2945",0.927330885719924
"2946",0.917307795603675
"2947",0.91733273639932
"2948",0.943784543238167
"2949",0.948012498084286
"2950",0.948709964564565
"2951",0.949482813207043
"2952",0.941444361634596
"2953",0.949781852188377
"2954",0.954927639671649
"2955",0.950838530704277
"2956",0.948247474651352
"2957",0.946833968649656
"2958",0.94578564926539
"2959",0.942076218286194
"2960",0.944299890390125
"2961",0.95084772947979
"2962",0.951893977064614
"2963",0.942421200577877
"2964",0.946603285067019
"2965",0.947176805213392
"2966",0.936648463963955
"2967",0.946778186545238
"2968",0.941203722620067
"2969",0.946804451557592
"2970",0.94147539633257
"2971",0.926252565997822
"2972",0.921222109457618
"2973",0.929327824405962
"2974",0.934551992790738
"2975",0.947677258005016
"2976",0.955948556710584
"2977",0.951413908199978
"2978",0.948744454276225
"2979",0.936234983870599
"2980",0.930867782195134
"2981",0.933634828607322
"2982",0.935208211998065
"2983",0.933458934427995
"2984",0.940912747773317
"2985",0.94590792618177
"2986",0.927503545713632
"2987",0.916017338081249
"2988",0.93084183482004
"2989",0.932384279369733
"2990",0.927330175792603
"2991",0.930403340712026
"2992",0.934369025828185
"2993",0.936996944784855
"2994",0.917265517634864
"2995",0.919481875909729
"2996",0.921684368118457
"2997",0.91858683759006
"2998",0.910834597406985
"2999",0.93442709459487
"3000",0.930331253398376
"3001",0.97507354387018
"3002",0.970554454335464
"3003",0.972271991180418
"3004",0.969696089873434
"3005",0.970920530022521
"3006",0.96747712192219
"3007",0.962107145540902
"3008",0.961067512437626
"3009",0.968034717349426
"3010",0.964211256809467
"3011",0.966197691214782
"3012",0.964915083802695
"3013",0.965214440052632
"3014",0.961776046427457
"3015",0.966105926259562
"3016",0.968304010774214
"3017",0.968087905722755
"3018",0.966801830552614
"3019",0.961146846558001
"3020",0.960319991124491
"3021",0.960251008422464
"3022",0.959817788270245
"3023",0.956465913245667
"3024",0.959155418779957
"3025",0.95545701933608
"3026",0.954530247732029
"3027",0.958507258638458
"3028",0.961197518496986
"3029",0.9640963098366
"3030",0.961304765389787
"3031",0.965181306076882
"3032",0.959473787901242
"3033",0.955743043432215
"3034",0.961068833039944
"3035",0.949157604793395
"3036",0.952104457929176
"3037",0.959116683985235
"3038",0.957475616512437
"3039",0.959906677715023
"3040",0.952545691041644
"3041",0.950049055014382
"3042",0.957854206962439
"3043",0.960496360279014
"3044",0.961205476571608
"3045",0.959147461950633
"3046",0.958347173370661
"3047",0.955710184592803
"3048",0.956395628266827
"3049",0.953889658741565
"3050",0.951757791382593
"3051",0.952036387068019
"3052",0.95541832633017
"3053",0.954975269546235
"3054",0.956176879551389
"3055",0.959181730631547
"3056",0.95763606391951
"3057",0.953097031272791
"3058",0.950342233497373
"3059",0.947831151866888
"3060",0.952721504873046
"3061",0.955893803975947
"3062",0.954480219943048
"3063",0.957298115811753
"3064",0.955174058609359
"3065",0.956970680544168
"3066",0.958920964391886
"3067",0.962567517415613
"3068",0.958374478479821
"3069",0.965187341293496
"3070",0.962677955917855
"3071",0.961513461733276
"3072",0.960601831244334
"3073",0.961122601197816
"3074",0.964239524123626
"3075",0.963858199316695
"3076",0.961832715915111
"3077",0.966591617425241
"3078",0.963426432566287
"3079",0.962503496230681
"3080",0.964756972088684
"3081",0.966358318033425
"3082",0.963503001452535
"3083",0.966617934209272
"3084",0.968824962802284
"3085",0.966580190566798
"3086",0.964872702244641
"3087",0.968756633867773
"3088",0.971269506555315
"3089",0.970792957528297
"3090",0.970291440266631
"3091",0.971190811743691
"3092",0.97376569647028
"3093",0.972310984951825
"3094",0.972404200178152
"3095",0.976307565024327
"3096",0.975519670133305
"3097",0.977108422012588
"3098",0.977956926750286
"3099",0.978612635779137
"3100",0.975683816724207
"3101",0.972523583434926
"3102",0.970527520594792
"3103",0.967812845402028
"3104",0.967890390210692
"3105",0.970238275032869
"3106",0.967802854724359
"3107",0.967278743515902
"3108",0.965799231387483
"3109",0.970266219910559
"3110",0.968988653385843
"3111",0.965037667791503
"3112",0.969063653227295
"3113",0.971639912584364
"3114",0.970163471456241
"3115",0.972776705060339
"3116",0.975140898982507
"3117",0.97371434261012
"3118",0.974452252191721
"3119",0.976149208286959
"3120",0.975805752197882
"3121",0.979109047362435
"3122",0.978768259566228
"3123",0.97824326021496
"3124",0.977060490029492
"3125",0.973113105621977
"3126",0.972096585102998
"3127",0.974372674022155
"3128",0.97473354764446
"3129",0.97424160039813
"3130",0.974756861453056
"3131",0.977784025907059
"3132",0.978322006741495
"3133",0.978183351117328
"3134",0.978787596810551
"3135",0.977848234881326
"3136",0.979008114877253
"3137",0.977862890191653
"3138",0.978756307341577
"3139",0.978733024115672
"3140",0.97599631559259
"3141",0.973116236251793
"3142",0.973793264319051
"3143",0.972470703859769
"3144",0.969718233777261
"3145",0.972217860587748
"3146",0.970221981497273
"3147",0.973877293081412
"3148",0.975728962885149
"3149",0.978561732230543
"3150",0.977709801271138
"3151",0.977817540583153
"3152",0.97776926036284
"3153",0.978079066135947
"3154",0.975869510596092
"3155",0.976410166113808
"3156",0.973838922043224
"3157",0.97174096139486
"3158",0.974714792997076
"3159",0.974803438295889
"3160",0.975753930448152
"3161",0.974072035704395
"3162",0.972239559638996
"3163",0.97173358729723
"3164",0.971669329957386
"3165",0.969424889551948
"3166",0.972027534017126
"3167",0.972435197369248
"3168",0.970288372872337
"3169",0.96608705733806
"3170",0.966286486691644
"3171",0.968038306728135
"3172",0.964899299106215
"3173",0.969509357203737
"3174",0.967444940756259
"3175",0.964008472003944
"3176",0.960546684992664
"3177",0.961289983018732
"3178",0.958255029892812
"3179",0.964205943278897
"3180",0.967159284899672
"3181",0.960278350093568
"3182",0.958703418206629
"3183",0.960753229189738
"3184",0.967100946311182
"3185",0.968952516687617
"3186",0.972255792616014
"3187",0.973958119937875
"3188",0.968940850321343
"3189",0.970376665316865
"3190",0.968515785842779
"3191",0.970587487374498
"3192",0.96677954304842
"3193",0.968801175096067
"3194",0.968744228530456
"3195",0.969089241852237
"3196",0.962659863312804
"3197",0.957344485734996
"3198",0.952332850304134
"3199",0.9608812830967
"3200",0.963650503868478
"3201",0.959216609283544
"3202",0.958528266020137
"3203",0.955608542643456
"3204",0.949209168790178
"3205",0.946693315470122
"3206",0.949215262489037
"3207",0.954648967002893
"3208",0.962569855825614
"3209",0.960794426928947
"3210",0.959962945516114
"3211",0.955914820502577
"3212",0.958742400387494
"3213",0.955818753687035
"3214",0.952017446674556
"3215",0.949830574172323
"3216",0.948687901725529
"3217",0.949629095103024
"3218",0.953005215786791
"3219",0.949881338600428
"3220",0.944933907998613
"3221",0.950495054792578
"3222",0.949615257401952
"3223",0.953990729214745
"3224",0.953322018445752
"3225",0.934724891191711
"3226",0.9366915991511
"3227",0.93867973772329
"3228",0.943344769038997
"3229",0.945938527661348
"3230",0.946685727513532
"3231",0.959203433467809
"3232",0.960076697130677
"3233",0.955713844320804
"3234",0.956543539222182
"3235",0.957066184172883
"3236",0.959624604510042
"3237",0.9634684481398
"3238",0.963074803184871
"3239",0.965642518865675
"3240",0.966484977546932
"3241",0.967872605845921
"3242",0.969237428211432
"3243",0.969136316316507
"3244",0.971156380388131
"3245",0.968256691700633
"3246",0.968835188811729
"3247",0.964917522554681
"3248",0.960552180279518
"3249",0.967115629201168
"3250",0.961160811921578
"3251",0.963426734307806
"3252",0.968290515975643
"3253",0.974130558647047
"3254",0.974237193488018
"3255",0.977304971531924
"3256",0.97378306318411
"3257",0.974688349630369
"3258",0.974261805268943
"3259",0.969967016012098
"3260",0.966242608469415
"3261",0.970371344730978
"3262",0.970190432762365
"3263",0.972602000161424
"3264",0.974029616237622
"3265",0.973441193783057
"3266",0.975413458052138
"3267",0.973113364535025
"3268",0.97160140802312
"3269",0.970009876185563
"3270",0.972870405829016
"3271",0.969017956304538
"3272",0.968345107843731
"3273",0.967408896460963
"3274",0.966477794485374
"3275",0.963813302710477
"3276",0.963204849524332
"3277",0.968404453403249
"3278",0.964923653392725
"3279",0.963356536142952
"3280",0.964493436491295
"3281",0.967561660475722
"3282",0.965755717629642
"3283",0.968130851987758
"3284",0.96769376631701
"3285",0.971739048273062
"3286",0.97385839174112
"3287",0.975638405636418
"3288",0.97014168991338
"3289",0.971036998273009
"3290",0.970614676606775
"3291",0.967453886790972
"3292",0.969178259139261
"3293",0.969847494848989
"3294",0.969768843605551
"3295",0.967622554152468
"3296",0.968361744865521
"3297",0.967033377402812
"3298",0.970685703753477
"3299",0.97133254129158
"3300",0.972077279009228
"3301",0.973848780275712
"3302",0.970982524276912
"3303",0.974211168736426
"3304",0.97342542415887
"3305",0.971786110349052
"3306",0.967921063616919
"3307",0.962767196547376
"3308",0.965310107409803
"3309",0.964154022865942
"3310",0.969502504048315
"3311",0.966713085058332
"3312",0.965367554558221
"3313",0.964870883513422
"3314",0.958754435150787
"3315",0.951029109343713
"3316",0.956504242599261
"3317",0.953201367981929
"3318",0.954958522811232
"3319",0.952281212466468
"3320",0.959705701607931
"3321",0.96303069600657
"3322",0.960235102114152
"3323",0.961658251516719
"3324",0.958351454969319
"3325",0.958347399194711
"3326",0.959309042588742
"3327",0.959052120248566
"3328",0.962698945344772
"3329",0.960715351321472
"3330",0.952271725244236
"3331",0.949412466734907
"3332",0.958854040800154
"3333",0.952594610158444
"3334",0.944272456940319
"3335",0.949870830213971
"3336",0.957311499323707
"3337",0.95753967881809
"3338",0.954530411205749
"3339",0.958012698818161
"3340",0.945735123990537
"3341",0.952376025624213
"3342",0.952483859334024
"3343",0.964923648078195
"3344",0.961362108804658
"3345",0.960669517617967
"3346",0.96674186057681
"3347",0.959317129064259
"3348",0.960695087431214
"3349",0.959447940596939
"3350",0.959521481069116
"3351",0.963430097777526
"3352",0.965631316501235
"3353",0.966029984605019
"3354",0.964864683855131
"3355",0.967252816171916
"3356",0.970924914642269
"3357",0.970311891059597
"3358",0.965119125052392
"3359",0.96265530389141
"3360",0.962561393894277
"3361",0.969376230188134
"3362",0.969074817917791
"3363",0.970227595898843
"3364",0.968151151406518
"3365",0.965696238051533
"3366",0.962979600365229
"3367",0.953131787765733
"3368",0.953288505148521
"3369",0.947356454040684
"3370",0.9525468094763
"3371",0.948456031133048
"3372",0.951161739179841
"3373",0.94810705461602
"3374",0.94870277500509
"3375",0.954591674518616
"3376",0.951451574756283
"3377",0.951598001272551
"3378",0.948216591128306
"3379",0.946892383913571
"3380",0.944775865130163
"3381",0.950557641245069
"3382",0.945683156341978
"3383",0.948157823333757
"3384",0.959511687966503
"3385",0.961280878158243
"3386",0.966403002798861
"3387",0.963238190843911
"3388",0.956594820851299
"3389",0.956763926509847
"3390",0.962275713067903
"3391",0.962022740392338
"3392",0.962467465002943
"3393",0.96471642770036
"3394",0.963722412424431
"3395",0.96694149505275
"3396",0.964692675533362
"3397",0.96593161201024
"3398",0.965782359231665
"3399",0.968001868239347
"3400",0.967146815608076
"3401",0.958524909992723
"3402",0.962074730406356
"3403",0.957498595970718
"3404",0.957469935714033
"3405",0.959187765803416
"3406",0.956020105257971
"3407",0.963441589639946
"3408",0.963533405088471
"3409",0.962299383832436
"3410",0.961110548507359
"3411",0.964371027011031
"3412",0.966167605926601
"3413",0.964783086588335
"3414",0.954296637851647
"3415",0.951780651772492
"3416",0.955970074069518
"3417",0.951354055590833
"3418",0.954232871283103
"3419",0.952964546016031
"3420",0.958784670689187
"3421",0.950036227068273
"3422",0.946133411495858
"3423",0.958598601664554
"3424",0.96351524247218
"3425",0.960059885574544
"3426",0.955107869294988
"3427",0.953423141993959
"3428",0.94768904985028
"3429",0.943993166978279
"3430",0.931082317692382
"3431",0.943731909531278
"3432",0.950003662565867
"3433",0.9521950661694
"3434",0.950702502498538
"3435",0.96069806022054
"3436",0.964500506469754
"3437",0.958392413663465
"3438",0.955920724006969
"3439",0.962630008892884
"3440",0.966306415742953
"3441",0.964689629006444
"3442",0.96061732454683
"3443",0.956618381475347
"3444",0.957937443916115
"3445",0.961768167839844
"3446",0.966352435611747
"3447",0.97250140549709
"3448",0.972898907651632
"3449",0.967206938875563
"3450",0.966557916276207
"3451",0.965243929139807
"3452",0.967237077578187
"3453",0.965916716124949
"3454",0.966065544507497
"3455",0.96602988958535
"3456",0.968830265697182
"3457",0.970824262409708
"3458",0.972352310427261
"3459",0.967819302425549
"3460",0.965089612951745
"3461",0.960670432271355
"3462",0.962035199408224
"3463",0.961079471043803
"3464",0.959394943565211
"3465",0.959792509908172
"3466",0.957566554448222
"3467",0.96530730348184
"3468",0.96006707414691
"3469",0.960769431772764
"3470",0.963822121348101
"3471",0.966412967751201
"3472",0.964412391654236
"3473",0.960987486989362
"3474",0.962045443831215
"3475",0.968334297306375
"3476",0.966286159107096
"3477",0.966739152494817
"3478",0.968057651575669
"3479",0.960683806762805
"3480",0.966907468965255
"3481",0.96528922782316
"3482",0.964147264268467
"3483",0.963070643535267
"3484",0.963816526796858
"3485",0.967972460481591
"3486",0.969717471150707
"3487",0.968273506111486
"3488",0.967446310345992
"3489",0.97134822150858
"3490",0.972861891666671
"3491",0.969480695568458
"3492",0.968619983927646
"3493",0.968135687710828
"3494",0.971007196523174
"3495",0.968259742373891
"3496",0.969755828902762
"3497",0.968512426905394
"3498",0.968208039430659
"3499",0.970246998225002
"3500",0.968240524353737
"3501",0.965919697085267
"3502",0.965099146100337
"3503",0.9637037943158
"3504",0.964920055460188
"3505",0.95835192042673
"3506",0.950629387316306
"3507",0.947765159843557
"3508",0.941963685191541
"3509",0.930527287564579
"3510",0.915361473640261
"3511",0.92987664395335
"3512",0.921478623093058
"3513",0.924717769810482
"3514",0.925813862923763
"3515",0.923901269665527
"3516",0.926966081426034
"3517",0.922199414807879
"3518",0.932160015009629
"3519",0.932185611424243
"3520",0.939584398630329
"3521",0.950461303874154
"3522",0.951073800318936
"3523",0.945114138656608
"3524",0.952997136495251
"3525",0.946671803760553
"3526",0.947007698204755
"3527",0.939151946040355
"3528",0.937979775739502
"3529",0.938459248161434
"3530",0.942638221149793
"3531",0.942899315493064
"3532",0.94331096852676
"3533",0.930177431332176
"3534",0.938523095459517
"3535",0.938860353817054
"3536",0.952082003307327
"3537",0.950412812184032
"3538",0.958483002743178
"3539",0.95607585853436
"3540",0.951714400005915
"3541",0.953345997592541
"3542",0.955453446967009
"3543",0.957398179155423
"3544",0.951196894023518
"3545",0.958483348440089
"3546",0.957531754169721
"3547",0.960240414379961
"3548",0.958914534752063
"3549",0.954454118372271
"3550",0.961065090643988
"3551",0.958076480442001
"3552",0.960256934599038
"3553",0.955310889037592
"3554",0.962223515412172
"3555",0.965536016362661
"3556",0.971907339170304
"3557",0.969376207680296
"3558",0.970129505516459
"3559",0.967373689092396
"3560",0.962115538070335
"3561",0.958857374637782
"3562",0.959822650537806
"3563",0.961155645931496
"3564",0.960085626689787
"3565",0.958657484043826
"3566",0.955767249397189
"3567",0.955973455049565
"3568",0.955789943418038
"3569",0.958434312656872
"3570",0.9644337131712
"3571",0.966363686068743
"3572",0.956081561046536
"3573",0.953456488288036
"3574",0.958255030068331
"3575",0.963049465267813
"3576",0.962137904121707
"3577",0.962383694747944
"3578",0.961077132700545
"3579",0.96092402975635
"3580",0.956052569976604
"3581",0.962615441532925
"3582",0.963421834685453
"3583",0.964776801563944
"3584",0.96617042287929
"3585",0.962727883222052
"3586",0.960656526627253
"3587",0.955526972050761
"3588",0.954563517874192
"3589",0.95916654985305
"3590",0.957128876877226
"3591",0.962350909995868
"3592",0.962545706767856
"3593",0.953668115977523
"3594",0.954019963355192
"3595",0.944701283835071
"3596",0.957496746697399
"3597",0.950404282995614
"3598",0.950940948922938
"3599",0.948063490486224
"3600",0.950001783379761
"3601",0.945603775596267
"3602",0.948872459839368
"3603",0.945607475078037
"3604",0.943669283180449
"3605",0.939048769215304
"3606",0.94099935014852
"3607",0.936410916974066
"3608",0.932055570061437
"3609",0.926419962024974
"3610",0.934336612405574
"3611",0.936803116248471
"3612",0.944625700704574
"3613",0.943501525638816
"3614",0.941849998614917
"3615",0.940647432188029
"3616",0.930681000261422
"3617",0.926526829324587
"3618",0.928421951060888
"3619",0.92847492531921
"3620",0.925541178473514
"3621",0.910301018074408
"3622",0.901721854895469
"3623",0.900012246130411
"3624",0.908361374129642
"3625",0.912339176214991
"3626",0.913911166559764
"3627",0.93518295881231
"3628",0.929033722433722
"3629",0.923282644142475
"3630",0.937508281409098
"3631",0.939177116299008
"3632",0.94059852179784
"3633",0.935700597468201
"3634",0.936921023162757
"3635",0.938688039123236
"3636",0.930111326063395
"3637",0.942984282225108
"3638",0.936029958144022
"3639",0.943247926882348
"3640",0.952629864247394
"3641",0.948171491258864
"3642",0.95232016885777
"3643",0.942983889487141
"3644",0.944242348705905
"3645",0.947639515199919
"3646",0.951140719510907
"3647",0.954362502752318
"3648",0.947257880844237
"3649",0.944005385277367
"3650",0.950618346441037
"3651",0.942317999129473
"3652",0.940583635923745
"3653",0.946950490061472
"3654",0.950839034554118
"3655",0.952874305623818
"3656",0.951379434940032
"3657",0.951510095212164
"3658",0.951327011879526
"3659",0.95024400350517
"3660",0.950921432892135
"3661",0.954154642232981
"3662",0.958316536746888
"3663",0.954533763705507
"3664",0.959173005374421
"3665",0.952473272338735
"3666",0.955716101473524
"3667",0.956684641753026
"3668",0.947375056060686
"3669",0.947430525363989
"3670",0.951533984606623
"3671",0.94361276213137
"3672",0.952105164784062
"3673",0.95864111985607
"3674",0.959007289454987
"3675",0.95838125549611
"3676",0.960052743108974
"3677",0.958210325899797
"3678",0.959588489598771
"3679",0.959779694582893
"3680",0.963504890103873
"3681",0.967594665821519
"3682",0.966348173998909
"3683",0.967057811088128
"3684",0.967695566534004
"3685",0.962826724254122
"3686",0.967324023149959
"3687",0.967015164108496
"3688",0.967564813790251
"3689",0.971775666658858
"3690",0.973441023639338
"3691",0.972483239108447
"3692",0.972874598221761
"3693",0.971780549675613
"3694",0.969338896532003
"3695",0.971976272962291
"3696",0.972397186575894
"3697",0.965714850041935
"3698",0.967968950058443
"3699",0.966974544109192
"3700",0.96728846478989
"3701",0.968925375397774
"3702",0.968540642953022
"3703",0.966008658156166
"3704",0.964882774562125
"3705",0.963036856785693
"3706",0.963114729042665
"3707",0.960097842804632
"3708",0.961834574031135
"3709",0.965378344820548
"3710",0.966318652805047
"3711",0.961051421049059
"3712",0.95308566986143
"3713",0.94950936973273
"3714",0.949066091591582
"3715",0.943288104849586
"3716",0.94145961363599
"3717",0.937386856665802
"3718",0.936958859341917
"3719",0.943801625481747
"3720",0.945608910358387
"3721",0.942975088462751
"3722",0.953442928941646
"3723",0.960555851655063
"3724",0.960556904737321
"3725",0.96001055790507
"3726",0.95746970170511
"3727",0.95515198564933
"3728",0.957703104543759
"3729",0.952629905184657
"3730",0.95310715856827
"3731",0.951407726266878
"3732",0.955199317797973
"3733",0.95117286136691
"3734",0.954355482578048
"3735",0.948824404108346
"3736",0.957737101765403
"3737",0.960229963900052
"3738",0.96476406674386
"3739",0.963266971123677
"3740",0.966413520542759
"3741",0.971123535287429
"3742",0.973792206783571
"3743",0.97281002572635
"3744",0.972263661220291
"3745",0.968423545602299
"3746",0.968943259771909
"3747",0.971997149142278
"3748",0.972587854032891
"3749",0.96685097367617
"3750",0.965534471717025
"3751",0.969567083439583
"3752",0.971643464282465
"3753",0.972415439721928
"3754",0.969808874854375
"3755",0.970884374416665
"3756",0.969893704700447
"3757",0.968676831671964
"3758",0.967324514124032
"3759",0.96614343702463
"3760",0.965986581532499
"3761",0.965879327740211
"3762",0.965434398452179
"3763",0.969443583622199
"3764",0.969043241112369
"3765",0.970530881895327
"3766",0.970892999044152
"3767",0.972833323112992
"3768",0.97178297342843
"3769",0.973296577375825
"3770",0.972617316617016
"3771",0.970079727010748
"3772",0.971971419455166
"3773",0.97339116107941
"3774",0.970873490750907
"3775",0.97468416288758
"3776",0.97529353219666
"3777",0.972501385820612
"3778",0.971013812258056
"3779",0.968319894557512
"3780",0.969516459664563
"3781",0.970250878772202
"3782",0.969031731272878
"3783",0.965832541650606
"3784",0.965290767143756
"3785",0.965589746055188
"3786",0.965445887156876
"3787",0.965568971209851
"3788",0.961043144762106
"3789",0.960601614312344
"3790",0.9608441374202
"3791",0.963590537662367
"3792",0.963329206620208
"3793",0.963040074278276
"3794",0.959234688853068
"3795",0.951397636624629
"3796",0.946751716060243
"3797",0.944903180983187
"3798",0.948822645463161
"3799",0.949863998424902
"3800",0.951779591917071
"3801",0.951952464735046
"3802",0.956328648317715
"3803",0.958121904777504
"3804",0.959143118838888
"3805",0.950407158689474
"3806",0.941855853386291
"3807",0.940719335362833
"3808",0.944295172320767
"3809",0.948251008847675
"3810",0.949772892474312
"3811",0.951249273230724
"3812",0.945235192667516
"3813",0.939196515344647
"3814",0.944929543953687
"3815",0.95078298442321
"3816",0.952750167543985
"3817",0.951749103463233
"3818",0.955237082777254
"3819",0.956865768347074
"3820",0.964991625100031
"3821",0.963479821274866
"3822",0.965543741752694
"3823",0.967268532382332
"3824",0.961596098888798
"3825",0.958901164129449
"3826",0.956546574749595
"3827",0.960501931116726
"3828",0.960236325158448
"3829",0.950270519367648
"3830",0.957383473141523
"3831",0.950383942682525
"3832",0.961049383825228
"3833",0.96198570708969
"3834",0.954831662187452
"3835",0.962304866431679
"3836",0.956908783248142
"3837",0.955049604466128
"3838",0.947907813856439
"3839",0.949443741989191
"3840",0.95060652393316
"3841",0.958565056880719
"3842",0.954136061909761
"3843",0.955655966981647
"3844",0.957890928665709
"3845",0.95549968902114
"3846",0.955811203645166
"3847",0.954829191698325
"3848",0.953942031182469
"3849",0.949375788372399
"3850",0.951285822219294
"3851",0.954282394072408
"3852",0.954505349967772
"3853",0.960301151492233
"3854",0.957299408765921
"3855",0.949693149128097
"3856",0.948616323116343
"3857",0.939000816539123
"3858",0.933865676695805
"3859",0.929394230481911
"3860",0.939445010786622
"3861",0.933502100263146
"3862",0.931779460896922
"3863",0.935385510433999
"3864",0.927029128036699
"3865",0.939427163570557
"3866",0.939135476955184
"3867",0.941596765897482
"3868",0.935102072076203
"3869",0.936072115368958
"3870",0.926947678810677
"3871",0.917216301976687
"3872",0.932601519003093
"3873",0.946539524342004
"3874",0.950252509557764
"3875",0.957291409581586
"3876",0.956600693869439
"3877",0.957661878750263
"3878",0.957589032437938
"3879",0.957122928020032
"3880",0.962715960519275
"3881",0.963244422628194
"3882",0.965377375982428
"3883",0.969020548863951
"3884",0.970830940574609
"3885",0.97060650079957
"3886",0.968308094168961
"3887",0.965623413646622
"3888",0.965431555240431
"3889",0.966430334568734
"3890",0.968679931329498
"3891",0.962257266032315
"3892",0.962171814882183
"3893",0.960773082490641
"3894",0.958721364144298
"3895",0.959364569958147
"3896",0.962741544818166
"3897",0.964794075493821
"3898",0.963382273304437
"3899",0.964744614889685
"3900",0.967227611597978
"3901",0.967617240791184
"3902",0.969852232949994
"3903",0.967765213077064
"3904",0.965277850780528
"3905",0.966181176240099
"3906",0.967458540759451
"3907",0.965950652643252
"3908",0.962020681180457
"3909",0.95963645403851
"3910",0.953666325740497
"3911",0.946808772463549
"3912",0.952695048607826
"3913",0.95692627731822
"3914",0.9526523044152
"3915",0.960373108389363
"3916",0.962482912518466
"3917",0.963916527276352
"3918",0.956582083998901
"3919",0.95606721771303
"3920",0.962766355116092
"3921",0.956835172169879
"3922",0.95909928408411
"3923",0.956562008261975
"3924",0.965055489741967
"3925",0.964109419327993
"3926",0.965455633025724
"3927",0.959255101309813
"3928",0.95911189954465
"3929",0.966549883454711
"3930",0.963001701756437
"3931",0.964383197046621
"3932",0.963116858437347
"3933",0.961323857032858
"3934",0.957764969264865
"3935",0.954639587982349
"3936",0.95926368344178
"3937",0.961222878671833
"3938",0.963616891058816
"3939",0.966216465480421
"3940",0.965844624269259
"3941",0.96629113680087
"3942",0.96745457595405
"3943",0.970808631537394
"3944",0.967845877079068
"3945",0.96479933600389
"3946",0.95814218280994
"3947",0.959028028717023
"3948",0.957305464284719
"3949",0.95976546045763
"3950",0.95963142475494
"3951",0.954946400231433
"3952",0.94979881780509
"3953",0.951663322596803
"3954",0.954386036826989
"3955",0.956435228455832
"3956",0.95878761636683
"3957",0.955135260061219
"3958",0.954949927302763
"3959",0.952114016287957
"3960",0.951657536051637
"3961",0.954483412128527
"3962",0.956075119868432
"3963",0.957571889329639
"3964",0.9580730418897
"3965",0.960323562061096
"3966",0.95875983040079
"3967",0.954308476073094
"3968",0.956359977586695
"3969",0.959227142393581
"3970",0.958107294600245
"3971",0.959182430263666
"3972",0.961338078207166
"3973",0.961230457278749
"3974",0.960998553586506
"3975",0.955647532277233
"3976",0.960400100961143
"3977",0.962177809799248
"3978",0.955693385059873
"3979",0.950903435046489
"3980",0.952277909283651
"3981",0.947765995075939
"3982",0.959016351387595
"3983",0.95253517697949
"3984",0.954629153953326
"3985",0.951840746802287
"3986",0.956093388535108
"3987",0.957385759268166
"3988",0.957693485826958
"3989",0.962078279554313
"3990",0.962133475673402
"3991",0.967027469283326
"3992",0.969385835190137
"3993",0.964050604386462
"3994",0.96411349154565
"3995",0.960409333797513
"3996",0.950830723698552
"3997",0.955859152392665
"3998",0.954036272344859
"3999",0.957502800413224
"4000",0.959557271818206
